word,audio_word,match_type,source,speaker,license,filename,url,size_bytes
секунда,секунда,exact,Lingua Libre / Wikimedia Commons,Bjankuloski06,CC-BY-SA 4.0,LL-Q9296 (mkd)-Bjankuloski06-секунда.wav,https://upload.wikimedia.org/wikipedia/commons/9/9e/LL-Q9296_%28mkd%29-Bjankuloski06-%D1%81%D0%B5%D0%BA%D1%83%D0%BD%D0%B4%D0%B0.wav,101164
час,час,exact,Lingua Libre / Wikimedia Commons,Bjankuloski06,CC-BY-SA 4.0,LL-Q9296 (mkd)-Bjankuloski06-час.wav,https://upload.wikimedia.org/wikipedia/commons/e/e5/LL-Q9296_%28mkd%29-Bjankuloski06-%D1%87%D0%B0%D1%81.wav,92972
секогаш,секогаш,exact,Lingua Libre / Wikimedia Commons,Bjankuloski06,CC-BY-SA 4.0,LL-Q9296 (mkd)-Bjankuloski06-секогаш.wav,https://upload.wikimedia.org/wikipedia/commons/9/93/LL-Q9296_%28mkd%29-Bjankuloski06-%D1%81%D0%B5%D0%BA%D0%BE%D0%B3%D0%B0%D1%88.wav,109356
полноќ,полноќ,exact,Lingua Libre / Wikimedia Commons,Bjankuloski06,CC-BY-SA 4.0,LL-Q9296 (mkd)-Bjankuloski06-полноќ.wav,https://upload.wikimedia.org/wikipedia/commons/a/af/LL-Q9296_%28mkd%29-Bjankuloski06-%D0%BF%D0%BE%D0%BB%D0%BD%D0%BE%D1%9C.wav,92972
ноќ,ноќ,exact,Lingua Libre / Wikimedia Commons,Bjankuloski06,CC-BY-SA 4.0,LL-Q9296 (mkd)-Bjankuloski06-ноќ.wav,https://upload.wikimedia.org/wikipedia/commons/9/9b/LL-Q9296_%28mkd%29-Bjankuloski06-%D0%BD%D0%BE%D1%9C.wav,76588
вечер,вечер,exact,Lingua Libre / Wikimedia Commons,Bjankuloski06,CC-BY-SA 4.0,LL-Q9296 (mkd)-Bjankuloski06-вечер.wav,https://upload.wikimedia.org/wikipedia/commons/7/7c/LL-Q9296_%28mkd%29-Bjankuloski06-%D0%B2%D0%B5%D1%87%D0%B5%D1%80.wav,76588
попладне,попладне,exact,Lingua Libre / Wikimedia Commons,Bjankuloski06,CC-BY-SA 4.0,LL-Q9296 (mkd)-Bjankuloski06-попладне.wav,https://upload.wikimedia.org/wikipedia/commons/6/63/LL-Q9296_%28mkd%29-Bjankuloski06-%D0%BF%D0%BE%D0%BF%D0%BB%D0%B0%D0%B4%D0%BD%D0%B5.wav,84780
пладне,пладне,exact,Lingua Libre / Wikimedia Commons,Bjankuloski06,CC-BY-SA 4.0,LL-Q9296 (mkd)-Bjankuloski06-пладне.wav,https://upload.wikimedia.org/wikipedia/commons/e/ef/LL-Q9296_%28mkd%29-Bjankuloski06-%D0%BF%D0%BB%D0%B0%D0%B4%D0%BD%D0%B5.wav,92972
утро,утро,exact,Lingua Libre / Wikimedia Commons,Bjankuloski06,CC-BY-SA 4.0,LL-Q9296 (mkd)-Bjankuloski06-утро.wav,https://upload.wikimedia.org/wikipedia/commons/0/0b/LL-Q9296_%28mkd%29-Bjankuloski06-%D1%83%D1%82%D1%80%D0%BE.wav,92972
месец,месец,exact,Lingua Libre / Wikimedia Commons,Bjankuloski06,CC-BY-SA 4.0,LL-Q9296 (mkd)-Bjankuloski06-месец.wav,https://upload.wikimedia.org/wikipedia/commons/b/b2/LL-Q9296_%28mkd%29-Bjankuloski06-%D0%BC%D0%B5%D1%81%D0%B5%D1%86.wav,101164
вчера,вчера,exact,Lingua Libre / Wikimedia Commons,Bjankuloski06,CC-BY-SA 4.0,LL-Q9296 (mkd)-Bjankuloski06-вчера.wav,https://upload.wikimedia.org/wikipedia/commons/4/45/LL-Q9296_%28mkd%29-Bjankuloski06-%D0%B2%D1%87%D0%B5%D1%80%D0%B0.wav,92972
утре,утре,exact,Lingua Libre / Wikimedia Commons,Bjankuloski06,CC-BY-SA 4.0,LL-Q9296 (mkd)-Bjankuloski06-утре.wav,https://upload.wikimedia.org/wikipedia/commons/1/10/LL-Q9296_%28mkd%29-Bjankuloski06-%D1%83%D1%82%D1%80%D0%B5.wav,84780
зима,зима,exact,Lingua Libre / Wikimedia Commons,Bjankuloski06,CC-BY-SA 4.0,LL-Q9296 (mkd)-Bjankuloski06-зима.wav,https://upload.wikimedia.org/wikipedia/commons/c/c2/LL-Q9296_%28mkd%29-Bjankuloski06-%D0%B7%D0%B8%D0%BC%D0%B0.wav,84780
есен,есен,exact,Lingua Libre / Wikimedia Commons,Bjankuloski06,CC-BY-SA 4.0,LL-Q9296 (mkd)-Bjankuloski06-есен.wav,https://upload.wikimedia.org/wikipedia/commons/f/f6/LL-Q9296_%28mkd%29-Bjankuloski06-%D0%B5%D1%81%D0%B5%D0%BD.wav,84780
лето,лето,exact,Lingua Libre / Wikimedia Commons,Bjankuloski06,CC-BY-SA 4.0,LL-Q9296 (mkd)-Bjankuloski06-лето.wav,https://upload.wikimedia.org/wikipedia/commons/a/a5/LL-Q9296_%28mkd%29-Bjankuloski06-%D0%BB%D0%B5%D1%82%D0%BE.wav,92972
пролет,пролет,exact,Lingua Libre / Wikimedia Commons,Bjankuloski06,CC-BY-SA 4.0,LL-Q9296 (mkd)-Bjankuloski06-пролет.wav,https://upload.wikimedia.org/wikipedia/commons/8/89/LL-Q9296_%28mkd%29-Bjankuloski06-%D0%BF%D1%80%D0%BE%D0%BB%D0%B5%D1%82.wav,84780
недела,недела,exact,Lingua Libre / Wikimedia Commons,Bjankuloski06,CC-BY-SA 4.0,LL-Q9296 (mkd)-Bjankuloski06-недела.wav,https://upload.wikimedia.org/wikipedia/commons/7/73/LL-Q9296_%28mkd%29-Bjankuloski06-%D0%BD%D0%B5%D0%B4%D0%B5%D0%BB%D0%B0.wav,84780
сабота,сабота,exact,Lingua Libre / Wikimedia Commons,Bjankuloski06,CC-BY-SA 4.0,LL-Q9296 (mkd)-Bjankuloski06-сабота.wav,https://upload.wikimedia.org/wikipedia/commons/b/bc/LL-Q9296_%28mkd%29-Bjankuloski06-%D1%81%D0%B0%D0%B1%D0%BE%D1%82%D0%B0.wav,92972
петок,петок,exact,Lingua Libre / Wikimedia Commons,Bjankuloski06,CC-BY-SA 4.0,LL-Q9296 (mkd)-Bjankuloski06-петок.wav,https://upload.wikimedia.org/wikipedia/commons/d/d2/LL-Q9296_%28mkd%29-Bjankuloski06-%D0%BF%D0%B5%D1%82%D0%BE%D0%BA.wav,76588
четврток,четврток,exact,Lingua Libre / Wikimedia Commons,Bjankuloski06,CC-BY-SA 4.0,LL-Q9296 (mkd)-Bjankuloski06-четврток.wav,https://upload.wikimedia.org/wikipedia/commons/9/95/LL-Q9296_%28mkd%29-Bjankuloski06-%D1%87%D0%B5%D1%82%D0%B2%D1%80%D1%82%D0%BE%D0%BA.wav,117548
среда,среда,exact,Lingua Libre / Wikimedia Commons,Bjankuloski06,CC-BY-SA 4.0,LL-Q9296 (mkd)-Bjankuloski06-среда.wav,https://upload.wikimedia.org/wikipedia/commons/c/cf/LL-Q9296_%28mkd%29-Bjankuloski06-%D1%81%D1%80%D0%B5%D0%B4%D0%B0.wav,84780
вторник,вторник,exact,Lingua Libre / Wikimedia Commons,Bjankuloski06,CC-BY-SA 4.0,LL-Q9296 (mkd)-Bjankuloski06-вторник.wav,https://upload.wikimedia.org/wikipedia/commons/4/41/LL-Q9296_%28mkd%29-Bjankuloski06-%D0%B2%D1%82%D0%BE%D1%80%D0%BD%D0%B8%D0%BA.wav,101164
понеделник,понеделник,exact,Lingua Libre / Wikimedia Commons,Bjankuloski06,CC-BY-SA 4.0,LL-Q9296 (mkd)-Bjankuloski06-понеделник.wav,https://upload.wikimedia.org/wikipedia/commons/6/6e/LL-Q9296_%28mkd%29-Bjankuloski06-%D0%BF%D0%BE%D0%BD%D0%B5%D0%B4%D0%B5%D0%BB%D0%BD%D0%B8%D0%BA.wav,117548
декември,декември,exact,Lingua Libre / Wikimedia Commons,Bjankuloski06,CC-BY-SA 4.0,LL-Q9296 (mkd)-Bjankuloski06-декември.wav,https://upload.wikimedia.org/wikipedia/commons/1/1e/LL-Q9296_%28mkd%29-Bjankuloski06-%D0%B4%D0%B5%D0%BA%D0%B5%D0%BC%D0%B2%D1%80%D0%B8.wav,92972
октомври,октомври,exact,Lingua Libre / Wikimedia Commons,Bjankuloski06,CC-BY-SA 4.0,LL-Q9296 (mkd)-Bjankuloski06-октомври.wav,https://upload.wikimedia.org/wikipedia/commons/d/d4/LL-Q9296_%28mkd%29-Bjankuloski06-%D0%BE%D0%BA%D1%82%D0%BE%D0%BC%D0%B2%D1%80%D0%B8.wav,109356
јуни,јуни,exact,Lingua Libre / Wikimedia Commons,Bjankuloski06,CC-BY-SA 4.0,LL-Q9296 (mkd)-Bjankuloski06-јуни.wav,https://upload.wikimedia.org/wikipedia/commons/7/7f/LL-Q9296_%28mkd%29-Bjankuloski06-%D1%98%D1%83%D0%BD%D0%B8.wav,76588
април,април,exact,Lingua Libre / Wikimedia Commons,Bjankuloski06,CC-BY-SA 4.0,LL-Q9296 (mkd)-Bjankuloski06-април.wav,https://upload.wikimedia.org/wikipedia/commons/9/9b/LL-Q9296_%28mkd%29-Bjankuloski06-%D0%B0%D0%BF%D1%80%D0%B8%D0%BB.wav,92972
јануари,јануари,exact,Lingua Libre / Wikimedia Commons,Bjankuloski06,CC-BY-SA 4.0,LL-Q9296 (mkd)-Bjankuloski06-јануари.wav,https://upload.wikimedia.org/wikipedia/commons/e/e2/LL-Q9296_%28mkd%29-Bjankuloski06-%D1%98%D0%B0%D0%BD%D1%83%D0%B0%D1%80%D0%B8.wav,101164
февруари,февруари,exact,Lingua Libre / Wikimedia Commons,Bjankuloski06,CC-BY-SA 4.0,LL-Q9296 (mkd)-Bjankuloski06-февруари.wav,https://upload.wikimedia.org/wikipedia/commons/0/05/LL-Q9296_%28mkd%29-Bjankuloski06-%D1%84%D0%B5%D0%B2%D1%80%D1%83%D0%B0%D1%80%D0%B8.wav,101164
август,август,exact,Lingua Libre / Wikimedia Commons,Bjankuloski06,CC-BY-SA 4.0,LL-Q9296 (mkd)-Bjankuloski06-август.wav,https://upload.wikimedia.org/wikipedia/commons/9/93/LL-Q9296_%28mkd%29-Bjankuloski06-%D0%B0%D0%B2%D0%B3%D1%83%D1%81%D1%82.wav,92972
јули,јули,exact,Lingua Libre / Wikimedia Commons,Bjankuloski06,CC-BY-SA 4.0,LL-Q9296 (mkd)-Bjankuloski06-јули.wav,https://upload.wikimedia.org/wikipedia/commons/c/c2/LL-Q9296_%28mkd%29-Bjankuloski06-%D1%98%D1%83%D0%BB%D0%B8.wav,84780
боб,боб,exact,Lingua Libre / Wikimedia Commons,Bjankuloski06,CC-BY-SA 4.0,LL-Q9296 (mkd)-Bjankuloski06-боб.wav,https://upload.wikimedia.org/wikipedia/commons/c/cc/LL-Q9296_%28mkd%29-Bjankuloski06-%D0%B1%D0%BE%D0%B1.wav,60204
автор,автор,exact,Lingua Libre / Wikimedia Commons,Bjankuloski06,CC-BY-SA 4.0,LL-Q9296 (mkd)-Bjankuloski06-автор.wav,https://upload.wikimedia.org/wikipedia/commons/1/16/LL-Q9296_%28mkd%29-Bjankuloski06-%D0%B0%D0%B2%D1%82%D0%BE%D1%80.wav,68396
судбина,судбина,exact,Lingua Libre / Wikimedia Commons,Bjankuloski06,CC-BY-SA 4.0,LL-Q9296 (mkd)-Bjankuloski06-судбина.wav,https://upload.wikimedia.org/wikipedia/commons/f/f7/LL-Q9296_%28mkd%29-Bjankuloski06-%D1%81%D1%83%D0%B4%D0%B1%D0%B8%D0%BD%D0%B0.wav,109356
крај,крај,exact,Lingua Libre / Wikimedia Commons,Bjankuloski06,CC-BY-SA 4.0,LL-Q9296 (mkd)-Bjankuloski06-крај.wav,https://upload.wikimedia.org/wikipedia/commons/9/9d/LL-Q9296_%28mkd%29-Bjankuloski06-%D0%BA%D1%80%D0%B0%D1%98.wav,84780
дава,дава,exact,Lingua Libre / Wikimedia Commons,Bjankuloski06,CC-BY-SA 4.0,LL-Q9296 (mkd)-Bjankuloski06-дава.wav,https://upload.wikimedia.org/wikipedia/commons/2/21/LL-Q9296_%28mkd%29-Bjankuloski06-%D0%B4%D0%B0%D0%B2%D0%B0.wav,92972
тие,тие,exact,Lingua Libre / Wikimedia Commons,Bjankuloski06,CC-BY-SA 4.0,LL-Q9296 (mkd)-Bjankuloski06-тие.wav,https://upload.wikimedia.org/wikipedia/commons/d/df/LL-Q9296_%28mkd%29-Bjankuloski06-%D1%82%D0%B8%D0%B5.wav,76588
музика,музика,exact,Lingua Libre / Wikimedia Commons,Bjankuloski06,CC-BY-SA 4.0,LL-Q9296 (mkd)-Bjankuloski06-музика.wav,https://upload.wikimedia.org/wikipedia/commons/1/1a/LL-Q9296_%28mkd%29-Bjankuloski06-%D0%BC%D1%83%D0%B7%D0%B8%D0%BA%D0%B0.wav,92972
интересен,интересен,exact,Lingua Libre / Wikimedia Commons,Bjankuloski06,CC-BY-SA 4.0,LL-Q9296 (mkd)-Bjankuloski06-интересен.wav,https://upload.wikimedia.org/wikipedia/commons/f/f6/LL-Q9296_%28mkd%29-Bjankuloski06-%D0%B8%D0%BD%D1%82%D0%B5%D1%80%D0%B5%D1%81%D0%B5%D0%BD.wav,101164
разлика,разлика,exact,Lingua Libre / Wikimedia Commons,Bjankuloski06,CC-BY-SA 4.0,LL-Q9296 (mkd)-Bjankuloski06-разлика.wav,https://upload.wikimedia.org/wikipedia/commons/e/e3/LL-Q9296_%28mkd%29-Bjankuloski06-%D1%80%D0%B0%D0%B7%D0%BB%D0%B8%D0%BA%D0%B0.wav,101164
без,без,exact,Lingua Libre / Wikimedia Commons,Bjankuloski06,CC-BY-SA 4.0,LL-Q9296 (mkd)-Bjankuloski06-без.wav,https://upload.wikimedia.org/wikipedia/commons/9/92/LL-Q9296_%28mkd%29-Bjankuloski06-%D0%B1%D0%B5%D0%B7.wav,92972
ден,ден,exact,Lingua Libre / Wikimedia Commons,Bjankuloski06,CC-BY-SA 4.0,LL-Q9296 (mkd)-Bjankuloski06-ден.wav,https://upload.wikimedia.org/wikipedia/commons/f/fa/LL-Q9296_%28mkd%29-Bjankuloski06-%D0%B4%D0%B5%D0%BD.wav,68396
секој,секој,exact,Lingua Libre / Wikimedia Commons,Bjankuloski06,CC-BY-SA 4.0,LL-Q9296 (mkd)-Bjankuloski06-секој.wav,https://upload.wikimedia.org/wikipedia/commons/2/26/LL-Q9296_%28mkd%29-Bjankuloski06-%D1%81%D0%B5%D0%BA%D0%BE%D1%98.wav,84780
традиција,традиција,exact,Lingua Libre / Wikimedia Commons,Bjankuloski06,CC-BY-SA 4.0,LL-Q9296 (mkd)-Bjankuloski06-традиција.wav,https://upload.wikimedia.org/wikipedia/commons/4/42/LL-Q9296_%28mkd%29-Bjankuloski06-%D1%82%D1%80%D0%B0%D0%B4%D0%B8%D1%86%D0%B8%D1%98%D0%B0.wav,117548
војна,војна,exact,Lingua Libre / Wikimedia Commons,Bjankuloski06,CC-BY-SA 4.0,LL-Q9296 (mkd)-Bjankuloski06-војна.wav,https://upload.wikimedia.org/wikipedia/commons/6/60/LL-Q9296_%28mkd%29-Bjankuloski06-%D0%B2%D0%BE%D1%98%D0%BD%D0%B0.wav,76588
крв,крв,exact,Lingua Libre / Wikimedia Commons,Bjankuloski06,CC-BY-SA 4.0,LL-Q9296 (mkd)-Bjankuloski06-крв.wav,https://upload.wikimedia.org/wikipedia/commons/4/40/LL-Q9296_%28mkd%29-Bjankuloski06-%D0%BA%D1%80%D0%B2.wav,84780
казна,казна,exact,Lingua Libre / Wikimedia Commons,Bjankuloski06,CC-BY-SA 4.0,LL-Q9296 (mkd)-Bjankuloski06-казна.wav,https://upload.wikimedia.org/wikipedia/commons/e/ed/LL-Q9296_%28mkd%29-Bjankuloski06-%D0%BA%D0%B0%D0%B7%D0%BD%D0%B0.wav,101164
волја,волја,exact,Lingua Libre / Wikimedia Commons,Bjankuloski06,CC-BY-SA 4.0,LL-Q9296 (mkd)-Bjankuloski06-волја.wav,https://upload.wikimedia.org/wikipedia/commons/6/62/LL-Q9296_%28mkd%29-Bjankuloski06-%D0%B2%D0%BE%D0%BB%D1%98%D0%B0.wav,84780
прашање,прашање,exact,Lingua Libre / Wikimedia Commons,Bjankuloski06,CC-BY-SA 4.0,LL-Q9296 (mkd)-Bjankuloski06-прашање.wav,https://upload.wikimedia.org/wikipedia/commons/7/7b/LL-Q9296_%28mkd%29-Bjankuloski06-%D0%BF%D1%80%D0%B0%D1%88%D0%B0%D1%9A%D0%B5.wav,109356
пишува,пишува,exact,Lingua Libre / Wikimedia Commons,Bjankuloski06,CC-BY-SA 4.0,LL-Q9296 (mkd)-Bjankuloski06-пишува.wav,https://upload.wikimedia.org/wikipedia/commons/6/6f/LL-Q9296_%28mkd%29-Bjankuloski06-%D0%BF%D0%B8%D1%88%D1%83%D0%B2%D0%B0.wav,92972
ние,ние,exact,Lingua Libre / Wikimedia Commons,Bjankuloski06,CC-BY-SA 4.0,LL-Q9296 (mkd)-Bjankuloski06-ние.wav,https://upload.wikimedia.org/wikipedia/commons/4/49/LL-Q9296_%28mkd%29-Bjankuloski06-%D0%BD%D0%B8%D0%B5.wav,92972
пример,пример,exact,Lingua Libre / Wikimedia Commons,Bjankuloski06,CC-BY-SA 4.0,LL-Q9296 (mkd)-Bjankuloski06-пример.wav,https://upload.wikimedia.org/wikipedia/commons/d/d4/LL-Q9296_%28mkd%29-Bjankuloski06-%D0%BF%D1%80%D0%B8%D0%BC%D0%B5%D1%80.wav,92972
минута,минута,exact,Lingua Libre / Wikimedia Commons,Bjankuloski06,CC-BY-SA 4.0,LL-Q9296 (mkd)-Bjankuloski06-минута.wav,https://upload.wikimedia.org/wikipedia/commons/8/86/LL-Q9296_%28mkd%29-Bjankuloski06-%D0%BC%D0%B8%D0%BD%D1%83%D1%82%D0%B0.wav,92972
зборува,зборува,exact,Lingua Libre / Wikimedia Commons,Bjankuloski06,CC-BY-SA 4.0,LL-Q9296 (mkd)-Bjankuloski06-зборува.wav,https://upload.wikimedia.org/wikipedia/commons/c/c3/LL-Q9296_%28mkd%29-Bjankuloski06-%D0%B7%D0%B1%D0%BE%D1%80%D1%83%D0%B2%D0%B0.wav,109356
текст,текст,exact,Lingua Libre / Wikimedia Commons,Bjankuloski06,CC-BY-SA 4.0,LL-Q9296 (mkd)-Bjankuloski06-текст.wav,https://upload.wikimedia.org/wikipedia/commons/e/e1/LL-Q9296_%28mkd%29-Bjankuloski06-%D1%82%D0%B5%D0%BA%D1%81%D1%82.wav,92972
страв,страв,exact,Lingua Libre / Wikimedia Commons,Bjankuloski06,CC-BY-SA 4.0,LL-Q9296 (mkd)-Bjankuloski06-страв.wav,https://upload.wikimedia.org/wikipedia/commons/0/0d/LL-Q9296_%28mkd%29-Bjankuloski06-%D1%81%D1%82%D1%80%D0%B0%D0%B2.wav,92972
живот,живот,exact,Lingua Libre / Wikimedia Commons,Bjankuloski06,CC-BY-SA 4.0,LL-Q9296 (mkd)-Bjankuloski06-живот.wav,https://upload.wikimedia.org/wikipedia/commons/3/34/LL-Q9296_%28mkd%29-Bjankuloski06-%D0%B6%D0%B8%D0%B2%D0%BE%D1%82.wav,76588
авторски,авторски,exact,Lingua Libre / Wikimedia Commons,Bjankuloski06,CC-BY-SA 4.0,LL-Q9296 (mkd)-Bjankuloski06-авторски.wav,https://upload.wikimedia.org/wikipedia/commons/b/b4/LL-Q9296_%28mkd%29-Bjankuloski06-%D0%B0%D0%B2%D1%82%D0%BE%D1%80%D1%81%D0%BA%D0%B8.wav,109356
пумпа,пумпа,exact,Lingua Libre / Wikimedia Commons,Bjankuloski06,CC-BY-SA 4.0,LL-Q9296 (mkd)-Bjankuloski06-пумпа.wav,https://upload.wikimedia.org/wikipedia/commons/4/4f/LL-Q9296_%28mkd%29-Bjankuloski06-%D0%BF%D1%83%D0%BC%D0%BF%D0%B0.wav,92972
пее,пее,exact,Lingua Libre / Wikimedia Commons,Bjankuloski06,CC-BY-SA 4.0,LL-Q9296 (mkd)-Bjankuloski06-пее.wav,https://upload.wikimedia.org/wikipedia/commons/4/40/LL-Q9296_%28mkd%29-Bjankuloski06-%D0%BF%D0%B5%D0%B5.wav,84780
сад,сад,exact,Lingua Libre / Wikimedia Commons,Bjankuloski06,CC-BY-SA 4.0,LL-Q9296 (mkd)-Bjankuloski06-сад.wav,https://upload.wikimedia.org/wikipedia/commons/a/a6/LL-Q9296_%28mkd%29-Bjankuloski06-%D1%81%D0%B0%D0%B4.wav,76588
звук,звук,exact,Lingua Libre / Wikimedia Commons,Bjankuloski06,CC-BY-SA 4.0,LL-Q9296 (mkd)-Bjankuloski06-звук.wav,https://upload.wikimedia.org/wikipedia/commons/e/ec/LL-Q9296_%28mkd%29-Bjankuloski06-%D0%B7%D0%B2%D1%83%D0%BA.wav,92972
брз,брз,exact,Lingua Libre / Wikimedia Commons,Bjankuloski06,CC-BY-SA 4.0,LL-Q9296 (mkd)-Bjankuloski06-брз.wav,https://upload.wikimedia.org/wikipedia/commons/0/02/LL-Q9296_%28mkd%29-Bjankuloski06-%D0%B1%D1%80%D0%B7.wav,84780
значење,значење,exact,Lingua Libre / Wikimedia Commons,Bjankuloski06,CC-BY-SA 4.0,LL-Q9296 (mkd)-Bjankuloski06-значење.wav,https://upload.wikimedia.org/wikipedia/commons/a/a9/LL-Q9296_%28mkd%29-Bjankuloski06-%D0%B7%D0%BD%D0%B0%D1%87%D0%B5%D1%9A%D0%B5.wav,101164
ноември,ноември,exact,Lingua Libre / Wikimedia Commons,Bjankuloski06,CC-BY-SA 4.0,LL-Q9296 (mkd)-Bjankuloski06-ноември.wav,https://upload.wikimedia.org/wikipedia/commons/f/f5/LL-Q9296_%28mkd%29-Bjankuloski06-%D0%BD%D0%BE%D0%B5%D0%BC%D0%B2%D1%80%D0%B8.wav,109356
брак,брак,exact,Lingua Libre / Wikimedia Commons,Bjankuloski06,CC-BY-SA 4.0,LL-Q9296 (mkd)-Bjankuloski06-брак.wav,https://upload.wikimedia.org/wikipedia/commons/8/8b/LL-Q9296_%28mkd%29-Bjankuloski06-%D0%B1%D1%80%D0%B0%D0%BA.wav,84780
крал,крал,exact,Lingua Libre / Wikimedia Commons,Bjankuloski06,CC-BY-SA 4.0,LL-Q9296 (mkd)-Bjankuloski06-крал.wav,https://upload.wikimedia.org/wikipedia/commons/d/d4/LL-Q9296_%28mkd%29-Bjankuloski06-%D0%BA%D1%80%D0%B0%D0%BB.wav,92972
верува,верува,exact,Lingua Libre / Wikimedia Commons,Bjankuloski06,CC-BY-SA 4.0,LL-Q9296 (mkd)-Bjankuloski06-верува.wav,https://upload.wikimedia.org/wikipedia/commons/1/18/LL-Q9296_%28mkd%29-Bjankuloski06-%D0%B2%D0%B5%D1%80%D1%83%D0%B2%D0%B0.wav,92972
семејство,семејство,exact,Lingua Libre / Wikimedia Commons,Bjankuloski06,CC-BY-SA 4.0,LL-Q9296 (mkd)-Bjankuloski06-семејство.wav,https://upload.wikimedia.org/wikipedia/commons/8/8f/LL-Q9296_%28mkd%29-Bjankuloski06-%D1%81%D0%B5%D0%BC%D0%B5%D1%98%D1%81%D1%82%D0%B2%D0%BE.wav,109356
композитор,композитор,exact,Lingua Libre / Wikimedia Commons,Bjankuloski06,CC-BY-SA 4.0,LL-Q9296 (mkd)-Bjankuloski06-композитор.wav,https://upload.wikimedia.org/wikipedia/commons/1/14/LL-Q9296_%28mkd%29-Bjankuloski06-%D0%BA%D0%BE%D0%BC%D0%BF%D0%BE%D0%B7%D0%B8%D1%82%D0%BE%D1%80.wav,101164
германски,германски,exact,Lingua Libre / Wikimedia Commons,Bjankuloski06,CC-BY-SA 4.0,LL-Q9296 (mkd)-Bjankuloski06-германски.wav,https://upload.wikimedia.org/wikipedia/commons/b/b7/LL-Q9296_%28mkd%29-Bjankuloski06-%D0%B3%D0%B5%D1%80%D0%BC%D0%B0%D0%BD%D1%81%D0%BA%D0%B8.wav,109356
триаголник,триаголник,exact,Lingua Libre / Wikimedia Commons,Bjankuloski06,CC-BY-SA 4.0,LL-Q9296 (mkd)-Bjankuloski06-триаголник.wav,https://upload.wikimedia.org/wikipedia/commons/f/f5/LL-Q9296_%28mkd%29-Bjankuloski06-%D1%82%D1%80%D0%B8%D0%B0%D0%B3%D0%BE%D0%BB%D0%BD%D0%B8%D0%BA.wav,109356
битка,битка,exact,Lingua Libre / Wikimedia Commons,Bjankuloski06,CC-BY-SA 4.0,LL-Q9296 (mkd)-Bjankuloski06-битка.wav,https://upload.wikimedia.org/wikipedia/commons/a/af/LL-Q9296_%28mkd%29-Bjankuloski06-%D0%B1%D0%B8%D1%82%D0%BA%D0%B0.wav,92972
телескоп,телескоп,exact,Lingua Libre / Wikimedia Commons,Bjankuloski06,CC-BY-SA 4.0,LL-Q9296 (mkd)-Bjankuloski06-телескоп.wav,https://upload.wikimedia.org/wikipedia/commons/f/ff/LL-Q9296_%28mkd%29-Bjankuloski06-%D1%82%D0%B5%D0%BB%D0%B5%D1%81%D0%BA%D0%BE%D0%BF.wav,101164
март,март,exact,Lingua Libre / Wikimedia Commons,Bjankuloski06,CC-BY-SA 4.0,LL-Q9296 (mkd)-Bjankuloski06-март.wav,https://upload.wikimedia.org/wikipedia/commons/5/5b/LL-Q9296_%28mkd%29-Bjankuloski06-%D0%BC%D0%B0%D1%80%D1%82.wav,92972
ритам,ритам,exact,Lingua Libre / Wikimedia Commons,Bjankuloski06,CC-BY-SA 4.0,LL-Q9296 (mkd)-Bjankuloski06-ритам.wav,https://upload.wikimedia.org/wikipedia/commons/f/fb/LL-Q9296_%28mkd%29-Bjankuloski06-%D1%80%D0%B8%D1%82%D0%B0%D0%BC.wav,92972
многу,многу,exact,Lingua Libre / Wikimedia Commons,Bjankuloski06,CC-BY-SA 4.0,LL-Q9296 (mkd)-Bjankuloski06-многу.wav,https://upload.wikimedia.org/wikipedia/commons/f/fd/LL-Q9296_%28mkd%29-Bjankuloski06-%D0%BC%D0%BD%D0%BE%D0%B3%D1%83.wav,84780
гитара,гитара,exact,Lingua Libre / Wikimedia Commons,Bjankuloski06,CC-BY-SA 4.0,LL-Q9296 (mkd)-Bjankuloski06-гитара.wav,https://upload.wikimedia.org/wikipedia/commons/f/f1/LL-Q9296_%28mkd%29-Bjankuloski06-%D0%B3%D0%B8%D1%82%D0%B0%D1%80%D0%B0.wav,101164
време,време,exact,Lingua Libre / Wikimedia Commons,Bjankuloski06,CC-BY-SA 4.0,LL-Q9296 (mkd)-Bjankuloski06-време.wav,https://upload.wikimedia.org/wikipedia/commons/2/27/LL-Q9296_%28mkd%29-Bjankuloski06-%D0%B2%D1%80%D0%B5%D0%BC%D0%B5.wav,92972
денес,денес,exact,Lingua Libre / Wikimedia Commons,Bjankuloski06,CC-BY-SA 4.0,LL-Q9296 (mkd)-Bjankuloski06-денес.wav,https://upload.wikimedia.org/wikipedia/commons/4/44/LL-Q9296_%28mkd%29-Bjankuloski06-%D0%B4%D0%B5%D0%BD%D0%B5%D1%81.wav,101164
коса,коса,exact,Lingua Libre / Wikimedia Commons,Bjankuloski06,CC-BY-SA 4.0,LL-Q9296 (mkd)-Bjankuloski06-коса.wav,https://upload.wikimedia.org/wikipedia/commons/e/eb/LL-Q9296_%28mkd%29-Bjankuloski06-%D0%BA%D0%BE%D1%81%D0%B0.wav,84780
леќа,леќа,exact,Lingua Libre / Wikimedia Commons,Bjankuloski06,CC-BY-SA 4.0,LL-Q9296 (mkd)-Bjankuloski06-леќа.wav,https://upload.wikimedia.org/wikipedia/commons/0/00/LL-Q9296_%28mkd%29-Bjankuloski06-%D0%BB%D0%B5%D1%9C%D0%B0.wav,92972
помош,помош,exact,Lingua Libre / Wikimedia Commons,Bjankuloski06,CC-BY-SA 4.0,LL-Q9296 (mkd)-Bjankuloski06-помош.wav,https://upload.wikimedia.org/wikipedia/commons/2/2c/LL-Q9296_%28mkd%29-Bjankuloski06-%D0%BF%D0%BE%D0%BC%D0%BE%D1%88.wav,92972
име,име,exact,Lingua Libre / Wikimedia Commons,Bjankuloski06,CC-BY-SA 4.0,LL-Q9296 (mkd)-Bjankuloski06-име.wav,https://upload.wikimedia.org/wikipedia/commons/2/25/LL-Q9296_%28mkd%29-Bjankuloski06-%D0%B8%D0%BC%D0%B5.wav,84780
мај,мај,exact,Lingua Libre / Wikimedia Commons,Bjankuloski06,CC-BY-SA 4.0,LL-Q9296 (mkd)-Bjankuloski06-мај.wav,https://upload.wikimedia.org/wikipedia/commons/5/51/LL-Q9296_%28mkd%29-Bjankuloski06-%D0%BC%D0%B0%D1%98.wav,84780
лав,лав,exact,Lingua Libre / Wikimedia Commons,Bjankuloski06,CC-BY-SA 4.0,LL-Q9296 (mkd)-Bjankuloski06-лав.wav,https://upload.wikimedia.org/wikipedia/commons/a/a1/LL-Q9296_%28mkd%29-Bjankuloski06-%D0%BB%D0%B0%D0%B2.wav,68396
каде,каде,exact,Lingua Libre / Wikimedia Commons,Bjankuloski06,CC-BY-SA 4.0,LL-Q9296 (mkd)-Bjankuloski06-каде.wav,https://upload.wikimedia.org/wikipedia/commons/5/51/LL-Q9296_%28mkd%29-Bjankuloski06-%D0%BA%D0%B0%D0%B4%D0%B5.wav,92972
никогаш,никогаш,exact,Lingua Libre / Wikimedia Commons,Bjankuloski06,CC-BY-SA 4.0,LL-Q9296 (mkd)-Bjankuloski06-никогаш.wav,https://upload.wikimedia.org/wikipedia/commons/3/33/LL-Q9296_%28mkd%29-Bjankuloski06-%D0%BD%D0%B8%D0%BA%D0%BE%D0%B3%D0%B0%D1%88.wav,92972
но,но,exact,Lingua Libre / Wikimedia Commons,Bjankuloski06,CC-BY-SA 4.0,LL-Q9296 (mkd)-Bjankuloski06-но.wav,https://upload.wikimedia.org/wikipedia/commons/d/d8/LL-Q9296_%28mkd%29-Bjankuloski06-%D0%BD%D0%BE.wav,68396
астероид,астероид,exact,Lingua Libre / Wikimedia Commons,Bjankuloski06,CC-BY-SA 4.0,LL-Q9296 (mkd)-Bjankuloski06-астероид.wav,https://upload.wikimedia.org/wikipedia/commons/2/2b/LL-Q9296_%28mkd%29-Bjankuloski06-%D0%B0%D1%81%D1%82%D0%B5%D1%80%D0%BE%D0%B8%D0%B4.wav,125740
список,список,exact,Lingua Libre / Wikimedia Commons,Bjankuloski06,CC-BY-SA 4.0,LL-Q9296 (mkd)-Bjankuloski06-список.wav,https://upload.wikimedia.org/wikipedia/commons/8/80/LL-Q9296_%28mkd%29-Bjankuloski06-%D1%81%D0%BF%D0%B8%D1%81%D0%BE%D0%BA.wav,101164
албум,албум,exact,Lingua Libre / Wikimedia Commons,Bjankuloski06,CC-BY-SA 4.0,LL-Q9296 (mkd)-Bjankuloski06-албум.wav,https://upload.wikimedia.org/wikipedia/commons/d/d9/LL-Q9296_%28mkd%29-Bjankuloski06-%D0%B0%D0%BB%D0%B1%D1%83%D0%BC.wav,92972
точка,точка,exact,Lingua Libre / Wikimedia Commons,Bjankuloski06,CC-BY-SA 4.0,LL-Q9296 (mkd)-Bjankuloski06-точка.wav,https://upload.wikimedia.org/wikipedia/commons/b/bc/LL-Q9296_%28mkd%29-Bjankuloski06-%D1%82%D0%BE%D1%87%D0%BA%D0%B0.wav,101164
екватор,екватор,exact,Lingua Libre / Wikimedia Commons,Bjankuloski06,CC-BY-SA 4.0,LL-Q9296 (mkd)-Bjankuloski06-екватор.wav,https://upload.wikimedia.org/wikipedia/commons/3/3e/LL-Q9296_%28mkd%29-Bjankuloski06-%D0%B5%D0%BA%D0%B2%D0%B0%D1%82%D0%BE%D1%80.wav,109356
галаксија,галаксија,exact,Lingua Libre / Wikimedia Commons,Bjankuloski06,CC-BY-SA 4.0,LL-Q9296 (mkd)-Bjankuloski06-галаксија.wav,https://upload.wikimedia.org/wikipedia/commons/e/e3/LL-Q9296_%28mkd%29-Bjankuloski06-%D0%B3%D0%B0%D0%BB%D0%B0%D0%BA%D1%81%D0%B8%D1%98%D0%B0.wav,117548
број,број,exact,Lingua Libre / Wikimedia Commons,Bjankuloski06,CC-BY-SA 4.0,LL-Q9296 (mkd)-Bjankuloski06-број.wav,https://upload.wikimedia.org/wikipedia/commons/8/85/LL-Q9296_%28mkd%29-Bjankuloski06-%D0%B1%D1%80%D0%BE%D1%98.wav,84780
кој,кој,exact,Lingua Libre / Wikimedia Commons,Bjankuloski06,CC-BY-SA 4.0,LL-Q9296 (mkd)-Bjankuloski06-кој.wav,https://upload.wikimedia.org/wikipedia/commons/5/5e/LL-Q9296_%28mkd%29-Bjankuloski06-%D0%BA%D0%BE%D1%98.wav,76588
соѕвездие,соѕвездие,exact,Lingua Libre / Wikimedia Commons,Bjankuloski06,CC-BY-SA 4.0,LL-Q9296 (mkd)-Bjankuloski06-соѕвездие.wav,https://upload.wikimedia.org/wikipedia/commons/b/b7/LL-Q9296_%28mkd%29-Bjankuloski06-%D1%81%D0%BE%D1%95%D0%B2%D0%B5%D0%B7%D0%B4%D0%B8%D0%B5.wav,125740
око,око,exact,Lingua Libre / Wikimedia Commons,Bjankuloski06,CC-BY-SA 4.0,LL-Q9296 (mkd)-Bjankuloski06-око.wav,https://upload.wikimedia.org/wikipedia/commons/4/46/LL-Q9296_%28mkd%29-Bjankuloski06-%D0%BE%D0%BA%D0%BE.wav,76588
песна,песна,exact,Lingua Libre / Wikimedia Commons,Bjankuloski06,CC-BY-SA 4.0,LL-Q9296 (mkd)-Bjankuloski06-песна.wav,https://upload.wikimedia.org/wikipedia/commons/d/dd/LL-Q9296_%28mkd%29-Bjankuloski06-%D0%BF%D0%B5%D1%81%D0%BD%D0%B0.wav,92972
не,не,exact,Lingua Libre / Wikimedia Commons,Bjankuloski06,CC-BY-SA 4.0,LL-Q9296 (mkd)-Bjankuloski06-не.wav,https://upload.wikimedia.org/wikipedia/commons/9/96/LL-Q9296_%28mkd%29-Bjankuloski06-%D0%BD%D0%B5.wav,68396
метал,метал,exact,Lingua Libre / Wikimedia Commons,Bjankuloski06,CC-BY-SA 4.0,LL-Q9296 (mkd)-Bjankuloski06-метал.wav,https://upload.wikimedia.org/wikipedia/commons/5/50/LL-Q9296_%28mkd%29-Bjankuloski06-%D0%BC%D0%B5%D1%82%D0%B0%D0%BB.wav,84780
база,база,exact,Lingua Libre / Wikimedia Commons,Bjankuloski06,CC-BY-SA 4.0,LL-Q9296 (mkd)-Bjankuloski06-база.wav,https://upload.wikimedia.org/wikipedia/commons/d/d3/LL-Q9296_%28mkd%29-Bjankuloski06-%D0%B1%D0%B0%D0%B7%D0%B0.wav,84780
има,има,exact,Lingua Libre / Wikimedia Commons,Bjankuloski06,CC-BY-SA 4.0,LL-Q9296 (mkd)-Bjankuloski06-има.wav,https://upload.wikimedia.org/wikipedia/commons/7/7b/LL-Q9296_%28mkd%29-Bjankuloski06-%D0%B8%D0%BC%D0%B0.wav,84780
до,до,exact,Lingua Libre / Wikimedia Commons,Bjankuloski06,CC-BY-SA 4.0,LL-Q9296 (mkd)-Bjankuloski06-до.wav,https://upload.wikimedia.org/wikipedia/commons/6/6c/LL-Q9296_%28mkd%29-Bjankuloski06-%D0%B4%D0%BE.wav,68396
брои,брои,exact,Lingua Libre / Wikimedia Commons,Bjankuloski06,CC-BY-SA 4.0,LL-Q9296 (mkd)-Bjankuloski06-брои.wav,https://upload.wikimedia.org/wikipedia/commons/f/f8/LL-Q9296_%28mkd%29-Bjankuloski06-%D0%B1%D1%80%D0%BE%D0%B8.wav,92972
агол,агол,exact,Lingua Libre / Wikimedia Commons,Bjankuloski06,CC-BY-SA 4.0,LL-Q9296 (mkd)-Bjankuloski06-агол.wav,https://upload.wikimedia.org/wikipedia/commons/d/de/LL-Q9296_%28mkd%29-Bjankuloski06-%D0%B0%D0%B3%D0%BE%D0%BB.wav,92972
небо,небо,exact,Lingua Libre / Wikimedia Commons,Bjankuloski06,CC-BY-SA 4.0,LL-Q9296 (mkd)-Bjankuloski06-небо.wav,https://upload.wikimedia.org/wikipedia/commons/1/11/LL-Q9296_%28mkd%29-Bjankuloski06-%D0%BD%D0%B5%D0%B1%D0%BE.wav,84780
жолт,жолт,exact,Lingua Libre / Wikimedia Commons,Bjankuloski06,CC-BY-SA 4.0,LL-Q9296 (mkd)-Bjankuloski06-жолт.wav,https://upload.wikimedia.org/wikipedia/commons/6/67/LL-Q9296_%28mkd%29-Bjankuloski06-%D0%B6%D0%BE%D0%BB%D1%82.wav,76588
храм,храм,exact,Lingua Libre / Wikimedia Commons,Bjankuloski06,CC-BY-SA 4.0,LL-Q9296 (mkd)-Bjankuloski06-храм.wav,https://upload.wikimedia.org/wikipedia/commons/d/dd/LL-Q9296_%28mkd%29-Bjankuloski06-%D1%85%D1%80%D0%B0%D0%BC.wav,76588
ера,ера,exact,Lingua Libre / Wikimedia Commons,Bjankuloski06,CC-BY-SA 4.0,LL-Q9296 (mkd)-Bjankuloski06-ера.wav,https://upload.wikimedia.org/wikipedia/commons/7/7c/LL-Q9296_%28mkd%29-Bjankuloski06-%D0%B5%D1%80%D0%B0.wav,84780
век,век,exact,Lingua Libre / Wikimedia Commons,Bjankuloski06,CC-BY-SA 4.0,LL-Q9296 (mkd)-Bjankuloski06-век.wav,https://upload.wikimedia.org/wikipedia/commons/8/80/LL-Q9296_%28mkd%29-Bjankuloski06-%D0%B2%D0%B5%D0%BA.wav,101164
збор,збор,exact,Lingua Libre / Wikimedia Commons,Bjankuloski06,CC-BY-SA 4.0,LL-Q9296 (mkd)-Bjankuloski06-збор.wav,https://upload.wikimedia.org/wikipedia/commons/9/9a/LL-Q9296_%28mkd%29-Bjankuloski06-%D0%B7%D0%B1%D0%BE%D1%80.wav,84780
сум,сум,exact,Lingua Libre / Wikimedia Commons,Bjankuloski06,CC-BY-SA 4.0,LL-Q9296 (mkd)-Bjankuloski06-сум.wav,https://upload.wikimedia.org/wikipedia/commons/4/44/LL-Q9296_%28mkd%29-Bjankuloski06-%D1%81%D1%83%D0%BC.wav,76588
тој,тој,exact,Lingua Libre / Wikimedia Commons,Bjankuloski06,CC-BY-SA 4.0,LL-Q9296 (mkd)-Bjankuloski06-тој.wav,https://upload.wikimedia.org/wikipedia/commons/6/62/LL-Q9296_%28mkd%29-Bjankuloski06-%D1%82%D0%BE%D1%98.wav,76588
цар,цар,exact,Lingua Libre / Wikimedia Commons,Bjankuloski06,CC-BY-SA 4.0,LL-Q9296 (mkd)-Bjankuloski06-цар.wav,https://upload.wikimedia.org/wikipedia/commons/5/56/LL-Q9296_%28mkd%29-Bjankuloski06-%D1%86%D0%B0%D1%80.wav,84780
или,или,exact,Lingua Libre / Wikimedia Commons,Bjankuloski06,CC-BY-SA 4.0,LL-Q9296 (mkd)-Bjankuloski06-или.wav,https://upload.wikimedia.org/wikipedia/commons/0/06/LL-Q9296_%28mkd%29-Bjankuloski06-%D0%B8%D0%BB%D0%B8.wav,84780
септември,септември,exact,Lingua Libre / Wikimedia Commons,Bjankuloski06,CC-BY-SA 4.0,LL-Q9296 (mkd)-Bjankuloski06-септември.wav,https://upload.wikimedia.org/wikipedia/commons/e/e0/LL-Q9296_%28mkd%29-Bjankuloski06-%D1%81%D0%B5%D0%BF%D1%82%D0%B5%D0%BC%D0%B2%D1%80%D0%B8.wav,101164
кога,кога,exact,Lingua Libre / Wikimedia Commons,Bjankuloski06,CC-BY-SA 4.0,LL-Q9296 (mkd)-Bjankuloski06-кога.wav,https://upload.wikimedia.org/wikipedia/commons/f/f9/LL-Q9296_%28mkd%29-Bjankuloski06-%D0%BA%D0%BE%D0%B3%D0%B0.wav,84780
да,да,exact,Lingua Libre / Wikimedia Commons,Bjankuloski06,CC-BY-SA 4.0,LL-Q9296 (mkd)-Bjankuloski06-да.wav,https://upload.wikimedia.org/wikipedia/commons/0/0c/LL-Q9296_%28mkd%29-Bjankuloski06-%D0%B4%D0%B0.wav,76588
календар,календар,exact,Lingua Libre / Wikimedia Commons,Bjankuloski06,CC-BY-SA 4.0,LL-Q9296 (mkd)-Bjankuloski06-календар.wav,https://upload.wikimedia.org/wikipedia/commons/2/24/LL-Q9296_%28mkd%29-Bjankuloski06-%D0%BA%D0%B0%D0%BB%D0%B5%D0%BD%D0%B4%D0%B0%D1%80.wav,101164
година,година,exact,Lingua Libre / Wikimedia Commons,Bjankuloski06,CC-BY-SA 4.0,LL-Q9296 (mkd)-Bjankuloski06-година.wav,https://upload.wikimedia.org/wikipedia/commons/1/1b/LL-Q9296_%28mkd%29-Bjankuloski06-%D0%B3%D0%BE%D0%B4%D0%B8%D0%BD%D0%B0.wav,92972
од,од,exact,Lingua Libre / Wikimedia Commons,Bjankuloski06,CC-BY-SA 4.0,LL-Q9296 (mkd)-Bjankuloski06-од.wav,https://upload.wikimedia.org/wikipedia/commons/e/ef/LL-Q9296_%28mkd%29-Bjankuloski06-%D0%BE%D0%B4.wav,84780
во,во,exact,Lingua Libre / Wikimedia Commons,Bjankuloski06,CC-BY-SA 4.0,LL-Q9296 (mkd)-Bjankuloski06-во.wav,https://upload.wikimedia.org/wikipedia/commons/7/71/LL-Q9296_%28mkd%29-Bjankuloski06-%D0%B2%D0%BE.wav,68396
на,на,exact,Lingua Libre / Wikimedia Commons,Bjankuloski06,CC-BY-SA 4.0,LL-Q9296 (mkd)-Bjankuloski06-на.wav,https://upload.wikimedia.org/wikipedia/commons/9/91/LL-Q9296_%28mkd%29-Bjankuloski06-%D0%BD%D0%B0.wav,68396
милион,милион,exact,Lingua Libre / Wikimedia Commons,Bjankuloski06,CC-BY-SA 4.0,LL-Q9296 (mkd)-Bjankuloski06-милион.wav,https://upload.wikimedia.org/wikipedia/commons/3/31/LL-Q9296_%28mkd%29-Bjankuloski06-%D0%BC%D0%B8%D0%BB%D0%B8%D0%BE%D0%BD.wav,101164
илјада,илјада,exact,Lingua Libre / Wikimedia Commons,Bjankuloski06,CC-BY-SA 4.0,LL-Q9296 (mkd)-Bjankuloski06-илјада.wav,https://upload.wikimedia.org/wikipedia/commons/a/af/LL-Q9296_%28mkd%29-Bjankuloski06-%D0%B8%D0%BB%D1%98%D0%B0%D0%B4%D0%B0.wav,76588
сто,сто,exact,Lingua Libre / Wikimedia Commons,Bjankuloski06,CC-BY-SA 4.0,LL-Q9296 (mkd)-Bjankuloski06-сто.wav,https://upload.wikimedia.org/wikipedia/commons/e/e5/LL-Q9296_%28mkd%29-Bjankuloski06-%D1%81%D1%82%D0%BE.wav,84780
деветнаесет,деветнаесет,exact,Lingua Libre / Wikimedia Commons,Bjankuloski06,CC-BY-SA 4.0,LL-Q9296 (mkd)-Bjankuloski06-деветнаесет.wav,https://upload.wikimedia.org/wikipedia/commons/0/03/LL-Q9296_%28mkd%29-Bjankuloski06-%D0%B4%D0%B5%D0%B2%D0%B5%D1%82%D0%BD%D0%B0%D0%B5%D1%81%D0%B5%D1%82.wav,117548
седумнаесет,седумнаесет,exact,Lingua Libre / Wikimedia Commons,Bjankuloski06,CC-BY-SA 4.0,LL-Q9296 (mkd)-Bjankuloski06-седумнаесет.wav,https://upload.wikimedia.org/wikipedia/commons/6/60/LL-Q9296_%28mkd%29-Bjankuloski06-%D1%81%D0%B5%D0%B4%D1%83%D0%BC%D0%BD%D0%B0%D0%B5%D1%81%D0%B5%D1%82.wav,117548
шеснаесет,шеснаесет,exact,Lingua Libre / Wikimedia Commons,Bjankuloski06,CC-BY-SA 4.0,LL-Q9296 (mkd)-Bjankuloski06-шеснаесет.wav,https://upload.wikimedia.org/wikipedia/commons/e/e2/LL-Q9296_%28mkd%29-Bjankuloski06-%D1%88%D0%B5%D1%81%D0%BD%D0%B0%D0%B5%D1%81%D0%B5%D1%82.wav,125740
петнаесет,петнаесет,exact,Lingua Libre / Wikimedia Commons,Bjankuloski06,CC-BY-SA 4.0,LL-Q9296 (mkd)-Bjankuloski06-петнаесет.wav,https://upload.wikimedia.org/wikipedia/commons/9/99/LL-Q9296_%28mkd%29-Bjankuloski06-%D0%BF%D0%B5%D1%82%D0%BD%D0%B0%D0%B5%D1%81%D0%B5%D1%82.wav,109356
четиринаесет,четиринаесет,exact,Lingua Libre / Wikimedia Commons,Bjankuloski06,CC-BY-SA 4.0,LL-Q9296 (mkd)-Bjankuloski06-четиринаесет.wav,https://upload.wikimedia.org/wikipedia/commons/9/94/LL-Q9296_%28mkd%29-Bjankuloski06-%D1%87%D0%B5%D1%82%D0%B8%D1%80%D0%B8%D0%BD%D0%B0%D0%B5%D1%81%D0%B5%D1%82.wav,142124
тринаесет,тринаесет,exact,Lingua Libre / Wikimedia Commons,Bjankuloski06,CC-BY-SA 4.0,LL-Q9296 (mkd)-Bjankuloski06-тринаесет.wav,https://upload.wikimedia.org/wikipedia/commons/4/43/LL-Q9296_%28mkd%29-Bjankuloski06-%D1%82%D1%80%D0%B8%D0%BD%D0%B0%D0%B5%D1%81%D0%B5%D1%82.wav,117548
дванаесет,дванаесет,exact,Lingua Libre / Wikimedia Commons,Bjankuloski06,CC-BY-SA 4.0,LL-Q9296 (mkd)-Bjankuloski06-дванаесет.wav,https://upload.wikimedia.org/wikipedia/commons/a/a0/LL-Q9296_%28mkd%29-Bjankuloski06-%D0%B4%D0%B2%D0%B0%D0%BD%D0%B0%D0%B5%D1%81%D0%B5%D1%82.wav,109356
единаесет,единаесет,exact,Lingua Libre / Wikimedia Commons,Bjankuloski06,CC-BY-SA 4.0,LL-Q9296 (mkd)-Bjankuloski06-единаесет.wav,https://upload.wikimedia.org/wikipedia/commons/c/c6/LL-Q9296_%28mkd%29-Bjankuloski06-%D0%B5%D0%B4%D0%B8%D0%BD%D0%B0%D0%B5%D1%81%D0%B5%D1%82.wav,117548
десет,десет,exact,Lingua Libre / Wikimedia Commons,Bjankuloski06,CC-BY-SA 4.0,LL-Q9296 (mkd)-Bjankuloski06-десет.wav,https://upload.wikimedia.org/wikipedia/commons/0/0d/LL-Q9296_%28mkd%29-Bjankuloski06-%D0%B4%D0%B5%D1%81%D0%B5%D1%82.wav,84780
девет,девет,exact,Lingua Libre / Wikimedia Commons,Bjankuloski06,CC-BY-SA 4.0,LL-Q9296 (mkd)-Bjankuloski06-девет.wav,https://upload.wikimedia.org/wikipedia/commons/1/1e/LL-Q9296_%28mkd%29-Bjankuloski06-%D0%B4%D0%B5%D0%B2%D0%B5%D1%82.wav,92972
седум,седум,exact,Lingua Libre / Wikimedia Commons,Bjankuloski06,CC-BY-SA 4.0,LL-Q9296 (mkd)-Bjankuloski06-седум.wav,https://upload.wikimedia.org/wikipedia/commons/0/09/LL-Q9296_%28mkd%29-Bjankuloski06-%D1%81%D0%B5%D0%B4%D1%83%D0%BC.wav,84780
шест,шест,exact,Lingua Libre / Wikimedia Commons,Bjankuloski06,CC-BY-SA 4.0,LL-Q9296 (mkd)-Bjankuloski06-шест.wav,https://upload.wikimedia.org/wikipedia/commons/0/0c/LL-Q9296_%28mkd%29-Bjankuloski06-%D1%88%D0%B5%D1%81%D1%82.wav,92972
пет,пет,exact,Lingua Libre / Wikimedia Commons,Bjankuloski06,CC-BY-SA 4.0,LL-Q9296 (mkd)-Bjankuloski06-пет.wav,https://upload.wikimedia.org/wikipedia/commons/4/40/LL-Q9296_%28mkd%29-Bjankuloski06-%D0%BF%D0%B5%D1%82.wav,92972
четири,четири,exact,Lingua Libre / Wikimedia Commons,Bjankuloski06,CC-BY-SA 4.0,LL-Q9296 (mkd)-Bjankuloski06-четири.wav,https://upload.wikimedia.org/wikipedia/commons/8/85/LL-Q9296_%28mkd%29-Bjankuloski06-%D1%87%D0%B5%D1%82%D0%B8%D1%80%D0%B8.wav,92972
три,три,exact,Lingua Libre / Wikimedia Commons,Bjankuloski06,CC-BY-SA 4.0,LL-Q9296 (mkd)-Bjankuloski06-три.wav,https://upload.wikimedia.org/wikipedia/commons/e/e2/LL-Q9296_%28mkd%29-Bjankuloski06-%D1%82%D1%80%D0%B8.wav,76588
два,два,exact,Lingua Libre / Wikimedia Commons,Bjankuloski06,CC-BY-SA 4.0,LL-Q9296 (mkd)-Bjankuloski06-два.wav,https://upload.wikimedia.org/wikipedia/commons/0/0a/LL-Q9296_%28mkd%29-Bjankuloski06-%D0%B4%D0%B2%D0%B0.wav,76588
еден,еден,exact,Lingua Libre / Wikimedia Commons,Bjankuloski06,CC-BY-SA 4.0,LL-Q9296 (mkd)-Bjankuloski06-еден.wav,https://upload.wikimedia.org/wikipedia/commons/4/45/LL-Q9296_%28mkd%29-Bjankuloski06-%D0%B5%D0%B4%D0%B5%D0%BD.wav,84780
боја,боја,exact,Lingua Libre / Wikimedia Commons,Bjankuloski06,CC-BY-SA 4.0,LL-Q9296 (mkd)-Bjankuloski06-боја.wav,https://upload.wikimedia.org/wikipedia/commons/9/9a/LL-Q9296_%28mkd%29-Bjankuloski06-%D0%B1%D0%BE%D1%98%D0%B0.wav,84780
