word,lemma,notes
госпоѓа,госпоѓа,No audio in Lingua Libre (needs Common Voice or recording)
госпоѓица,госпоѓица,No audio in Lingua Libre (needs Common Voice or recording)
господин,господин,No audio in Lingua Libre (needs Common Voice or recording)
__ часот е,__ часот е,No audio in Lingua Libre (needs Common Voice or recording)
Колку е часот?,Колку е часот?,No audio in Lingua Libre (needs Common Voice or recording)
мојот омилен месец е ____,мојот омилен месец е ____,No audio in Lingua Libre (needs Common Voice or recording)
минатиот месец беше мај ____,минатиот месец беше мај ____,No audio in Lingua Libre (needs Common Voice or recording)
следниот месец е ___,следниот месец е ___,No audio in Lingua Libre (needs Common Voice or recording)
сега а __,сега а __,No audio in Lingua Libre (needs Common Voice or recording)
кој е товјот омилен месец?,кој е товјот омилен месец?,No audio in Lingua Libre (needs Common Voice or recording)
кој беше минатиот месец?,кој беше минатиот месец?,No audio in Lingua Libre (needs Common Voice or recording)
кој е следниот месец?,кој е следниот месец?,No audio in Lingua Libre (needs Common Voice or recording)
кој месец е сега?,кој месец е сега?,No audio in Lingua Libre (needs Common Voice or recording)
колку е часот?,колку е часот?,No audio in Lingua Libre (needs Common Voice or recording)
веќе,веќе,No audio in Lingua Libre (needs Common Voice or recording)
скоро,скоро,No audio in Lingua Libre (needs Common Voice or recording)
доцна,доцна,No audio in Lingua Libre (needs Common Voice or recording)
рано,рано,No audio in Lingua Libre (needs Common Voice or recording)
ретко,ретко,No audio in Lingua Libre (needs Common Voice or recording)
понекогаш,понекогаш,No audio in Lingua Libre (needs Common Voice or recording)
следната година,следната година,No audio in Lingua Libre (needs Common Voice or recording)
минатата година,минатата година,No audio in Lingua Libre (needs Common Voice or recording)
оваа година,оваа година,No audio in Lingua Libre (needs Common Voice or recording)
следниот месец,следниот месец,No audio in Lingua Libre (needs Common Voice or recording)
минатиот месец,минатиот месец,No audio in Lingua Libre (needs Common Voice or recording)
овој месец,овој месец,No audio in Lingua Libre (needs Common Voice or recording)
следната недела,следната недела,No audio in Lingua Libre (needs Common Voice or recording)
минатата недела,минатата недела,No audio in Lingua Libre (needs Common Voice or recording)
оваа недела,оваа недела,No audio in Lingua Libre (needs Common Voice or recording)
следниот викенд,следниот викенд,No audio in Lingua Libre (needs Common Voice or recording)
минатиот викенд,минатиот викенд,No audio in Lingua Libre (needs Common Voice or recording)
овој викенд,овој викенд,No audio in Lingua Libre (needs Common Voice or recording)
викенд,викенд,No audio in Lingua Libre (needs Common Voice or recording)
завчера,завчера,No audio in Lingua Libre (needs Common Voice or recording)
задутре,задутре,No audio in Lingua Libre (needs Common Voice or recording)
волф,волф,No audio in Lingua Libre (needs Common Voice or recording)
макс,макс,No audio in Lingua Libre (needs Common Voice or recording)
димензија,димензија,No audio in Lingua Libre (needs Common Voice or recording)
привидна,привидна,No audio in Lingua Libre (needs Common Voice or recording)
хершел,хершел,No audio in Lingua Libre (needs Common Voice or recording)
заведено,заведено,No audio in Lingua Libre (needs Common Voice or recording)
јато,јато,No audio in Lingua Libre (needs Common Voice or recording)
ѕвездено,ѕвездено,No audio in Lingua Libre (needs Common Voice or recording)
расеано,расеано,No audio in Lingua Libre (needs Common Voice or recording)
јудеја,јудеја,No audio in Lingua Libre (needs Common Voice or recording)
управата,управата,No audio in Lingua Libre (needs Common Voice or recording)
дотогаш,дотогаш,No audio in Lingua Libre (needs Common Voice or recording)
ерусалим,ерусалим,No audio in Lingua Libre (needs Common Voice or recording)
презема,презема,No audio in Lingua Libre (needs Common Voice or recording)
царство,царство,No audio in Lingua Libre (needs Common Voice or recording)
римско,римско,No audio in Lingua Libre (needs Common Voice or recording)
четвртта,четвртта,No audio in Lingua Libre (needs Common Voice or recording)
рефрактор,рефрактор,No audio in Lingua Libre (needs Common Voice or recording)
даре,даре,No audio in Lingua Libre (needs Common Voice or recording)
хајнрих,хајнрих,No audio in Lingua Libre (needs Common Voice or recording)
спирална,спирална,No audio in Lingua Libre (needs Common Voice or recording)
србите,србите,No audio in Lingua Libre (needs Common Voice or recording)
победиле,победиле,No audio in Lingua Libre (needs Common Voice or recording)
ќустендил,ќустендил,No audio in Lingua Libre (needs Common Voice or recording)
денешен,денешен,No audio in Lingua Libre (needs Common Voice or recording)
велбужд,велбужд,No audio in Lingua Libre (needs Common Voice or recording)
близина,близина,No audio in Lingua Libre (needs Common Voice or recording)
српските,српските,No audio in Lingua Libre (needs Common Voice or recording)
бугарските,бугарските,No audio in Lingua Libre (needs Common Voice or recording)
случила,случила,No audio in Lingua Libre (needs Common Voice or recording)
велбуждска,велбуждска,No audio in Lingua Libre (needs Common Voice or recording)
стефан,стефан,No audio in Lingua Libre (needs Common Voice or recording)
мари,мари,No audio in Lingua Libre (needs Common Voice or recording)
жан,жан,No audio in Lingua Libre (needs Common Voice or recording)
едуар,едуар,No audio in Lingua Libre (needs Common Voice or recording)
леќеста,леќеста,No audio in Lingua Libre (needs Common Voice or recording)
претходник,претходник,No audio in Lingua Libre (needs Common Voice or recording)
после,после,No audio in Lingua Libre (needs Common Voice or recording)
следи,следи,No audio in Lingua Libre (needs Common Voice or recording)
природен,природен,No audio in Lingua Libre (needs Common Voice or recording)
претставува,претставува,No audio in Lingua Libre (needs Common Voice or recording)
глифот,глифот,No audio in Lingua Libre (needs Common Voice or recording)
ремикс,ремикс,No audio in Lingua Libre (needs Common Voice or recording)
марино,марино,No audio in Lingua Libre (needs Common Voice or recording)
џорџ,џорџ,No audio in Lingua Libre (needs Common Voice or recording)
микс,микс,No audio in Lingua Libre (needs Common Voice or recording)
аудио,аудио,No audio in Lingua Libre (needs Common Voice or recording)
лудвиг,лудвиг,No audio in Lingua Libre (needs Common Voice or recording)
перијалис,перијалис,No audio in Lingua Libre (needs Common Voice or recording)
алекс,алекс,No audio in Lingua Libre (needs Common Voice or recording)
продуценти,продуценти,No audio in Lingua Libre (needs Common Voice or recording)
зазула,зазула,No audio in Lingua Libre (needs Common Voice or recording)
курцио,курцио,No audio in Lingua Libre (needs Common Voice or recording)
пол,пол,No audio in Lingua Libre (needs Common Voice or recording)
вокал,вокал,No audio in Lingua Libre (needs Common Voice or recording)
текстови,текстови,No audio in Lingua Libre (needs Common Voice or recording)
позадина,позадина,No audio in Lingua Libre (needs Common Voice or recording)
громови,громови,No audio in Lingua Libre (needs Common Voice or recording)
невреме,невреме,No audio in Lingua Libre (needs Common Voice or recording)
слушаат,слушаат,No audio in Lingua Libre (needs Common Voice or recording)
јасно,јасно,No audio in Lingua Libre (needs Common Voice or recording)
крајот,крајот,No audio in Lingua Libre (needs Common Voice or recording)
жртви,жртви,No audio in Lingua Libre (needs Common Voice or recording)
иста,иста,No audio in Lingua Libre (needs Common Voice or recording)
чека,чека,No audio in Lingua Libre (needs Common Voice or recording)
нив,нив,No audio in Lingua Libre (needs Common Voice or recording)
колена,колена,No audio in Lingua Libre (needs Common Voice or recording)
паднат,паднат,No audio in Lingua Libre (needs Common Voice or recording)
порака,порака,No audio in Lingua Libre (needs Common Voice or recording)
упатува,упатува,No audio in Lingua Libre (needs Common Voice or recording)
заслужиле,заслужиле,No audio in Lingua Libre (needs Common Voice or recording)
казнува,казнува,No audio in Lingua Libre (needs Common Voice or recording)
униформи,униформи,No audio in Lingua Libre (needs Common Voice or recording)
кожени,кожени,No audio in Lingua Libre (needs Common Voice or recording)
опремена,опремена,No audio in Lingua Libre (needs Common Voice or recording)
милицијата,милицијата,No audio in Lingua Libre (needs Common Voice or recording)
престапи,престапи,No audio in Lingua Libre (needs Common Voice or recording)
простување,простување,No audio in Lingua Libre (needs Common Voice or recording)
молат,молат,No audio in Lingua Libre (needs Common Voice or recording)
сега,сега,No audio in Lingua Libre (needs Common Voice or recording)
грешници,грешници,No audio in Lingua Libre (needs Common Voice or recording)
боговите,боговите,No audio in Lingua Libre (needs Common Voice or recording)
одмаздата,одмаздата,No audio in Lingua Libre (needs Common Voice or recording)
изчезнуваат,изчезнуваат,No audio in Lingua Libre (needs Common Voice or recording)
земјите,земјите,No audio in Lingua Libre (needs Common Voice or recording)
супериорност,супериорност,No audio in Lingua Libre (needs Common Voice or recording)
низ,низ,No audio in Lingua Libre (needs Common Voice or recording)
пораката,пораката,No audio in Lingua Libre (needs Common Voice or recording)
шири,шири,No audio in Lingua Libre (needs Common Voice or recording)
милиција,милиција,No audio in Lingua Libre (needs Common Voice or recording)
екстемниот,екстемниот,No audio in Lingua Libre (needs Common Voice or recording)
својствена,својствена,No audio in Lingua Libre (needs Common Voice or recording)
брза,брза,No audio in Lingua Libre (needs Common Voice or recording)
ултра,ултра,No audio in Lingua Libre (needs Common Voice or recording)
петминутна,петминутна,No audio in Lingua Libre (needs Common Voice or recording)
непријателско,непријателско,No audio in Lingua Libre (needs Common Voice or recording)
разнесе,разнесе,No audio in Lingua Libre (needs Common Voice or recording)
наредба,наредба,No audio in Lingua Libre (needs Common Voice or recording)
рефрен,рефрен,No audio in Lingua Libre (needs Common Voice or recording)
уништи,уништи,No audio in Lingua Libre (needs Common Voice or recording)
трагај,трагај,No audio in Lingua Libre (needs Common Voice or recording)
изведуваат,изведуваат,No audio in Lingua Libre (needs Common Voice or recording)
гласна,гласна,No audio in Lingua Libre (needs Common Voice or recording)
бучната,бучната,No audio in Lingua Libre (needs Common Voice or recording)
распаѓаат,распаѓаат,No audio in Lingua Libre (needs Common Voice or recording)
буквално,буквално,No audio in Lingua Libre (needs Common Voice or recording)
турнеја,турнеја,No audio in Lingua Libre (needs Common Voice or recording)
посетуваат,посетуваат,No audio in Lingua Libre (needs Common Voice or recording)
градовите,градовите,No audio in Lingua Libre (needs Common Voice or recording)
опишува,опишува,No audio in Lingua Libre (needs Common Voice or recording)
побавно,побавно,No audio in Lingua Libre (needs Common Voice or recording)
свири,свири,No audio in Lingua Libre (needs Common Voice or recording)
настапите,настапите,No audio in Lingua Libre (needs Common Voice or recording)
заокружување,заокружување,No audio in Lingua Libre (needs Common Voice or recording)
неизбежна,неизбежна,No audio in Lingua Libre (needs Common Voice or recording)
станала,станала,No audio in Lingua Libre (needs Common Voice or recording)
појавување,појавување,No audio in Lingua Libre (needs Common Voice or recording)
нејзиното,нејзиното,No audio in Lingua Libre (needs Common Voice or recording)
воена,воена,No audio in Lingua Libre (needs Common Voice or recording)
обработува,обработува,No audio in Lingua Libre (needs Common Voice or recording)
започнале,започнале,No audio in Lingua Libre (needs Common Voice or recording)
наречен,наречен,No audio in Lingua Libre (needs Common Voice or recording)
монструмот,монструмот,No audio in Lingua Libre (needs Common Voice or recording)
храни,храни,No audio in Lingua Libre (needs Common Voice or recording)
пролеаната,пролеаната,No audio in Lingua Libre (needs Common Voice or recording)
последиците,последиците,No audio in Lingua Libre (needs Common Voice or recording)
одговорност,одговорност,No audio in Lingua Libre (needs Common Voice or recording)
понел,понел,No audio in Lingua Libre (needs Common Voice or recording)
некој,некој,No audio in Lingua Libre (needs Common Voice or recording)
раса,раса,No audio in Lingua Libre (needs Common Voice or recording)
човечката,човечката,No audio in Lingua Libre (needs Common Voice or recording)
истребување,истребување,No audio in Lingua Libre (needs Common Voice or recording)
води,води,No audio in Lingua Libre (needs Common Voice or recording)
конфликт,конфликт,No audio in Lingua Libre (needs Common Voice or recording)
воен,воен,No audio in Lingua Libre (needs Common Voice or recording)
безмилосен,безмилосен,No audio in Lingua Libre (needs Common Voice or recording)
имено,имено,No audio in Lingua Libre (needs Common Voice or recording)
плоча,плоча,No audio in Lingua Libre (needs Common Voice or recording)
поразлична,поразлична,No audio in Lingua Libre (needs Common Voice or recording)
уникатна,уникатна,No audio in Lingua Libre (needs Common Voice or recording)
нејзината,нејзината,No audio in Lingua Libre (needs Common Voice or recording)
деби,деби,No audio in Lingua Libre (needs Common Voice or recording)
композиции,композиции,No audio in Lingua Libre (needs Common Voice or recording)
избор,избор,No audio in Lingua Libre (needs Common Voice or recording)
конечниот,конечниот,No audio in Lingua Libre (needs Common Voice or recording)
влегла,влегла,No audio in Lingua Libre (needs Common Voice or recording)
иако,иако,No audio in Lingua Libre (needs Common Voice or recording)
студиски,студиски,No audio in Lingua Libre (needs Common Voice or recording)
вклучено,вклучено,No audio in Lingua Libre (needs Common Voice or recording)
преработено,преработено,No audio in Lingua Libre (needs Common Voice or recording)
антракс,антракс,No audio in Lingua Libre (needs Common Voice or recording)
четворка,четворка,No audio in Lingua Libre (needs Common Voice or recording)
големата,големата,No audio in Lingua Libre (needs Common Voice or recording)
уште,уште,No audio in Lingua Libre (needs Common Voice or recording)
смртна,смртна,No audio in Lingua Libre (needs Common Voice or recording)
очекувала,очекувала,No audio in Lingua Libre (needs Common Voice or recording)
покорат,покорат,No audio in Lingua Libre (needs Common Voice or recording)
доведени,доведени,No audio in Lingua Libre (needs Common Voice or recording)
биле,биле,No audio in Lingua Libre (needs Common Voice or recording)
власт,власт,No audio in Lingua Libre (needs Common Voice or recording)
доминација,доминација,No audio in Lingua Libre (needs Common Voice or recording)
силни,силни,No audio in Lingua Libre (needs Common Voice or recording)
покорил,покорил,No audio in Lingua Libre (needs Common Voice or recording)
битките,битките,No audio in Lingua Libre (needs Common Voice or recording)
непобедлив,непобедлив,No audio in Lingua Libre (needs Common Voice or recording)
господар,господар,No audio in Lingua Libre (needs Common Voice or recording)
фантомски,фантомски,No audio in Lingua Libre (needs Common Voice or recording)
суштество,суштество,No audio in Lingua Libre (needs Common Voice or recording)
митското,митското,No audio in Lingua Libre (needs Common Voice or recording)
придонеси,придонеси,No audio in Lingua Libre (needs Common Voice or recording)
третата,третата,No audio in Lingua Libre (needs Common Voice or recording)
рифови,рифови,No audio in Lingua Libre (needs Common Voice or recording)
најдобри,најдобри,No audio in Lingua Libre (needs Common Voice or recording)
слушателите,слушателите,No audio in Lingua Libre (needs Common Voice or recording)
сме,сме,No audio in Lingua Libre (needs Common Voice or recording)
зашто,зашто,No audio in Lingua Libre (needs Common Voice or recording)
прекинеме,прекинеме,No audio in Lingua Libre (needs Common Voice or recording)
запреме,запреме,No audio in Lingua Libre (needs Common Voice or recording)
стихот,стихот,No audio in Lingua Libre (needs Common Voice or recording)
највпечатлив,највпечатлив,No audio in Lingua Libre (needs Common Voice or recording)
нејзините,нејзините,No audio in Lingua Libre (needs Common Voice or recording)
културата,културата,No audio in Lingua Libre (needs Common Voice or recording)
хеви,хеви,No audio in Lingua Libre (needs Common Voice or recording)
раскажува,раскажува,No audio in Lingua Libre (needs Common Voice or recording)
динамичен,динамичен,No audio in Lingua Libre (needs Common Voice or recording)
агресивното,агресивното,No audio in Lingua Libre (needs Common Voice or recording)
преку,преку,No audio in Lingua Libre (needs Common Voice or recording)
пантера,пантера,No audio in Lingua Libre (needs Common Voice or recording)
моторхед,моторхед,No audio in Lingua Libre (needs Common Voice or recording)
најпознати,најпознати,No audio in Lingua Libre (needs Common Voice or recording)
верзии,верзии,No audio in Lingua Libre (needs Common Voice or recording)
свои,свои,No audio in Lingua Libre (needs Common Voice or recording)
направиле,направиле,No audio in Lingua Libre (needs Common Voice or recording)
бендови,бендови,No audio in Lingua Libre (needs Common Voice or recording)
автори,автори,No audio in Lingua Libre (needs Common Voice or recording)
чии,чии,No audio in Lingua Libre (needs Common Voice or recording)
цд,цд,No audio in Lingua Libre (needs Common Voice or recording)
сингл,сингл,No audio in Lingua Libre (needs Common Voice or recording)
беше,беше,No audio in Lingua Libre (needs Common Voice or recording)
електрични,електрични,No audio in Lingua Libre (needs Common Voice or recording)
другите,другите,No audio in Lingua Libre (needs Common Voice or recording)
гитарата,гитарата,No audio in Lingua Libre (needs Common Voice or recording)
истакнувањето,истакнувањето,No audio in Lingua Libre (needs Common Voice or recording)
басот,басот,No audio in Lingua Libre (needs Common Voice or recording)
помеѓу,помеѓу,No audio in Lingua Libre (needs Common Voice or recording)
неусогласеност,неусогласеност,No audio in Lingua Libre (needs Common Voice or recording)
тешка,тешка,No audio in Lingua Libre (needs Common Voice or recording)
одликува,одликува,No audio in Lingua Libre (needs Common Voice or recording)
покојниот,покојниот,No audio in Lingua Libre (needs Common Voice or recording)
музицирање,музицирање,No audio in Lingua Libre (needs Common Voice or recording)
виртуозното,виртуозното,No audio in Lingua Libre (needs Common Voice or recording)
класичен,класичен,No audio in Lingua Libre (needs Common Voice or recording)
инструменталка,инструменталка,No audio in Lingua Libre (needs Common Voice or recording)
очекува,очекува,No audio in Lingua Libre (needs Common Voice or recording)
слушателот,слушателот,No audio in Lingua Libre (needs Common Voice or recording)
каже,каже,No audio in Lingua Libre (needs Common Voice or recording)
цел,цел,No audio in Lingua Libre (needs Common Voice or recording)
упаѓај,упаѓај,No audio in Lingua Libre (needs Common Voice or recording)
вели,вели,No audio in Lingua Libre (needs Common Voice or recording)
втората,втората,No audio in Lingua Libre (needs Common Voice or recording)
вклучуваат,вклучуваат,No audio in Lingua Libre (needs Common Voice or recording)
тапани,тапани,No audio in Lingua Libre (needs Common Voice or recording)
придружена,придружена,No audio in Lingua Libre (needs Common Voice or recording)
клиф,клиф,No audio in Lingua Libre (needs Common Voice or recording)
солажа,солажа,No audio in Lingua Libre (needs Common Voice or recording)
анестезија,анестезија,No audio in Lingua Libre (needs Common Voice or recording)
пеколот,пеколот,No audio in Lingua Libre (needs Common Voice or recording)
горат,горат,No audio in Lingua Libre (needs Common Voice or recording)
потоа,потоа,No audio in Lingua Libre (needs Common Voice or recording)
убиството,убиството,No audio in Lingua Libre (needs Common Voice or recording)
сторат,сторат,No audio in Lingua Libre (needs Common Voice or recording)
повикува,повикува,No audio in Lingua Libre (needs Common Voice or recording)
сатаната,сатаната,No audio in Lingua Libre (needs Common Voice or recording)
огнот,огнот,No audio in Lingua Libre (needs Common Voice or recording)
скокај,скокај,No audio in Lingua Libre (needs Common Voice or recording)
рефренот,рефренот,No audio in Lingua Libre (needs Common Voice or recording)
зло,зло,No audio in Lingua Libre (needs Common Voice or recording)
вршат,вршат,No audio in Lingua Libre (needs Common Voice or recording)
луѓето,луѓето,No audio in Lingua Libre (needs Common Voice or recording)
наведува,наведува,No audio in Lingua Libre (needs Common Voice or recording)
ѓаволот,ѓаволот,No audio in Lingua Libre (needs Common Voice or recording)
верзија,верзија,No audio in Lingua Libre (needs Common Voice or recording)
конечната,конечната,No audio in Lingua Libre (needs Common Voice or recording)
фрустрации,фрустрации,No audio in Lingua Libre (needs Common Voice or recording)
тинејџерските,тинејџерските,No audio in Lingua Libre (needs Common Voice or recording)
говорело,говорело,No audio in Lingua Libre (needs Common Voice or recording)
оригиналниот,оригиналниот,No audio in Lingua Libre (needs Common Voice or recording)
онаа,онаа,No audio in Lingua Libre (needs Common Voice or recording)
слична,слична,No audio in Lingua Libre (needs Common Voice or recording)
следат,следат,No audio in Lingua Libre (needs Common Voice or recording)
нѐ,нѐ,No audio in Lingua Libre (needs Common Voice or recording)
опасностите,опасностите,No audio in Lingua Libre (needs Common Voice or recording)
грижа,грижа,No audio in Lingua Libre (needs Common Voice or recording)
немање,немање,No audio in Lingua Libre (needs Common Voice or recording)
брзиот,брзиот,No audio in Lingua Libre (needs Common Voice or recording)
изведувана,изведувана,No audio in Lingua Libre (needs Common Voice or recording)
често,често,No audio in Lingua Libre (needs Common Voice or recording)
омилените,омилените,No audio in Lingua Libre (needs Common Voice or recording)
воопшто,воопшто,No audio in Lingua Libre (needs Common Voice or recording)
најкратката,најкратката,No audio in Lingua Libre (needs Common Voice or recording)
доделени,доделени,No audio in Lingua Libre (needs Common Voice or recording)
заслуги,заслуги,No audio in Lingua Libre (needs Common Voice or recording)
дискографија,дискографија,No audio in Lingua Libre (needs Common Voice or recording)
целокупната,целокупната,No audio in Lingua Libre (needs Common Voice or recording)
единствена,единствена,No audio in Lingua Libre (needs Common Voice or recording)
фигурира,фигурира,No audio in Lingua Libre (needs Common Voice or recording)
мегадет,мегадет,No audio in Lingua Libre (needs Common Voice or recording)
наоѓа,наоѓа,No audio in Lingua Libre (needs Common Voice or recording)
оригиналната,оригиналната,No audio in Lingua Libre (needs Common Voice or recording)
речиси,речиси,No audio in Lingua Libre (needs Common Voice or recording)
мелодиско,мелодиско,No audio in Lingua Libre (needs Common Voice or recording)
двоминутно,двоминутно,No audio in Lingua Libre (needs Common Voice or recording)
вметнал,вметнал,No audio in Lingua Libre (needs Common Voice or recording)
сменил,сменил,No audio in Lingua Libre (needs Common Voice or recording)
бензинска,бензинска,No audio in Lingua Libre (needs Common Voice or recording)
фантазии,фантазии,No audio in Lingua Libre (needs Common Voice or recording)
неговите,неговите,No audio in Lingua Libre (needs Common Voice or recording)
говорел,говорел,No audio in Lingua Libre (needs Common Voice or recording)
првично,првично,No audio in Lingua Libre (needs Common Voice or recording)
преработиле,преработиле,No audio in Lingua Libre (needs Common Voice or recording)
целосно,целосно,No audio in Lingua Libre (needs Common Voice or recording)
бендот,бендот,No audio in Lingua Libre (needs Common Voice or recording)
исфрлање,исфрлање,No audio in Lingua Libre (needs Common Voice or recording)
неговото,неговото,No audio in Lingua Libre (needs Common Voice or recording)
дејв,дејв,No audio in Lingua Libre (needs Common Voice or recording)
оригинално,оригинално,No audio in Lingua Libre (needs Common Voice or recording)
земјата,земјата,No audio in Lingua Libre (needs Common Voice or recording)
појават,појават,No audio in Lingua Libre (needs Common Voice or recording)
јавачите,јавачите,No audio in Lingua Libre (needs Common Voice or recording)
неверниците,неверниците,No audio in Lingua Libre (needs Common Voice or recording)
снајде,снајде,No audio in Lingua Libre (needs Common Voice or recording)
нарекуваат,нарекуваат,No audio in Lingua Libre (needs Common Voice or recording)
себеси,себеси,No audio in Lingua Libre (needs Common Voice or recording)
самите,самите,No audio in Lingua Libre (needs Common Voice or recording)
тврдат,тврдат,No audio in Lingua Libre (needs Common Voice or recording)
меѓутоа,меѓутоа,No audio in Lingua Libre (needs Common Voice or recording)
апокалипсата,апокалипсата,No audio in Lingua Libre (needs Common Voice or recording)
јавачи,јавачи,No audio in Lingua Libre (needs Common Voice or recording)
четворицата,четворицата,No audio in Lingua Libre (needs Common Voice or recording)
работи,работи,No audio in Lingua Libre (needs Common Voice or recording)
забележува,забележува,No audio in Lingua Libre (needs Common Voice or recording)
обично,обично,No audio in Lingua Libre (needs Common Voice or recording)
поизведуваните,поизведуваните,No audio in Lingua Libre (needs Common Voice or recording)
клубови,клубови,No audio in Lingua Libre (needs Common Voice or recording)
свирки,свирки,No audio in Lingua Libre (needs Common Voice or recording)
вечерни,вечерни,No audio in Lingua Libre (needs Common Voice or recording)
лудилото,лудилото,No audio in Lingua Libre (needs Common Voice or recording)
посветена,посветена,No audio in Lingua Libre (needs Common Voice or recording)
прво,прво,No audio in Lingua Libre (needs Common Voice or recording)
нивното,нивното,No audio in Lingua Libre (needs Common Voice or recording)
најде,најде,No audio in Lingua Libre (needs Common Voice or recording)
може,може,No audio in Lingua Libre (needs Common Voice or recording)
искомпонирале,искомпонирале,No audio in Lingua Libre (needs Common Voice or recording)
заедно,заедно,No audio in Lingua Libre (needs Common Voice or recording)
претходен,претходен,No audio in Lingua Libre (needs Common Voice or recording)
неговиот,неговиот,No audio in Lingua Libre (needs Common Voice or recording)
напишал,напишал,No audio in Lingua Libre (needs Common Voice or recording)
снимено,снимено,No audio in Lingua Libre (needs Common Voice or recording)
првата,првата,No audio in Lingua Libre (needs Common Voice or recording)
ниво,ниво,No audio in Lingua Libre (needs Common Voice or recording)
светско,светско,No audio in Lingua Libre (needs Common Voice or recording)
копии,копии,No audio in Lingua Libre (needs Common Voice or recording)
продадени,продадени,No audio in Lingua Libre (needs Common Voice or recording)
времиња,времиња,No audio in Lingua Libre (needs Common Voice or recording)
спид,спид,No audio in Lingua Libre (needs Common Voice or recording)
највлијателните,највлијателните,No audio in Lingua Libre (needs Common Voice or recording)
критика,критика,No audio in Lingua Libre (needs Common Voice or recording)
музичката,музичката,No audio in Lingua Libre (needs Common Voice or recording)
моќен,моќен,No audio in Lingua Libre (needs Common Voice or recording)
препознаваат,препознаваат,No audio in Lingua Libre (needs Common Voice or recording)
обожавателите,обожавателите,No audio in Lingua Libre (needs Common Voice or recording)
низата,низата,No audio in Lingua Libre (needs Common Voice or recording)
снимен,снимен,No audio in Lingua Libre (needs Common Voice or recording)
поимот,поимот,No audio in Lingua Libre (needs Common Voice or recording)
вистинското,вистинското,No audio in Lingua Libre (needs Common Voice or recording)
дефинира,дефинира,No audio in Lingua Libre (needs Common Voice or recording)
бонапарт,бонапарт,No audio in Lingua Libre (needs Common Voice or recording)
наполеон,наполеон,No audio in Lingua Libre (needs Common Voice or recording)
предводен,предводен,No audio in Lingua Libre (needs Common Voice or recording)
бример,бример,No audio in Lingua Libre (needs Common Voice or recording)
преврат,преврат,No audio in Lingua Libre (needs Common Voice or recording)
државниот,државниот,No audio in Lingua Libre (needs Common Voice or recording)
случува,случува,No audio in Lingua Libre (needs Common Voice or recording)
франција,франција,No audio in Lingua Libre (needs Common Voice or recording)
последна,последна,No audio in Lingua Libre (needs Common Voice or recording)
параметри,параметри,No audio in Lingua Libre (needs Common Voice or recording)
физички,физички,No audio in Lingua Libre (needs Common Voice or recording)
елементи,елементи,No audio in Lingua Libre (needs Common Voice or recording)
орбитални,орбитални,No audio in Lingua Libre (needs Common Voice or recording)
орбитата,орбитата,No audio in Lingua Libre (needs Common Voice or recording)
шема,шема,No audio in Lingua Libre (needs Common Voice or recording)
небесни,небесни,No audio in Lingua Libre (needs Common Voice or recording)
мали,мали,No audio in Lingua Libre (needs Common Voice or recording)
престолот,престолот,No audio in Lingua Libre (needs Common Voice or recording)
симнат,симнат,No audio in Lingua Libre (needs Common Voice or recording)
оженил,оженил,No audio in Lingua Libre (needs Common Voice or recording)
шведскиот,шведскиот,No audio in Lingua Libre (needs Common Voice or recording)
мансдотер,мансдотер,No audio in Lingua Libre (needs Common Voice or recording)
чест,чест,No audio in Lingua Libre (needs Common Voice or recording)
именуван,именуван,No audio in Lingua Libre (needs Common Voice or recording)
км,км,No audio in Lingua Libre (needs Common Voice or recording)
типот,типот,No audio in Lingua Libre (needs Common Voice or recording)
години,години,No audio in Lingua Libre (needs Common Voice or recording)
судир,судир,No audio in Lingua Libre (needs Common Voice or recording)
создало,создало,No audio in Lingua Libre (needs Common Voice or recording)
младо,младо,No audio in Lingua Libre (needs Common Voice or recording)
мошне,мошне,No audio in Lingua Libre (needs Common Voice or recording)
забележливо,забележливо,No audio in Lingua Libre (needs Common Voice or recording)
откриено,откриено,No audio in Lingua Libre (needs Common Voice or recording)
именувано,именувано,No audio in Lingua Libre (needs Common Voice or recording)
каринското,каринското,No audio in Lingua Libre (needs Common Voice or recording)
член,член,No audio in Lingua Libre (needs Common Voice or recording)
најсветлиот,најсветлиот,No audio in Lingua Libre (needs Common Voice or recording)
најголемиот,најголемиот,No audio in Lingua Libre (needs Common Voice or recording)
сонцето,сонцето,No audio in Lingua Libre (needs Common Voice or recording)
орбита,орбита,No audio in Lingua Libre (needs Common Voice or recording)
роден,роден,No audio in Lingua Libre (needs Common Voice or recording)
винци,винци,No audio in Lingua Libre (needs Common Voice or recording)
пјетро,пјетро,No audio in Lingua Libre (needs Common Voice or recording)
починал,починал,No audio in Lingua Libre (needs Common Voice or recording)
алтенбург,алтенбург,No audio in Lingua Libre (needs Common Voice or recording)
мајкл,мајкл,No audio in Lingua Libre (needs Common Voice or recording)
омилена,омилена,No audio in Lingua Libre (needs Common Voice or recording)
твојата,твојата,No audio in Lingua Libre (needs Common Voice or recording)
викаш,викаш,No audio in Lingua Libre (needs Common Voice or recording)
супер,супер,No audio in Lingua Libre (needs Common Voice or recording)
уморен,уморен,No audio in Lingua Libre (needs Common Voice or recording)
гледаме,гледаме,No audio in Lingua Libre (needs Common Voice or recording)
гледен,гледен,No audio in Lingua Libre (needs Common Voice or recording)
жеден,жеден,No audio in Lingua Libre (needs Common Voice or recording)
крма,крма,No audio in Lingua Libre (needs Common Voice or recording)
деветта,деветта,No audio in Lingua Libre (needs Common Voice or recording)
рефлекторски,рефлекторски,No audio in Lingua Libre (needs Common Voice or recording)
џон,џон,No audio in Lingua Libre (needs Common Voice or recording)
нивната,нивната,No audio in Lingua Libre (needs Common Voice or recording)
тематика,тематика,No audio in Lingua Libre (needs Common Voice or recording)
нивни,нивни,No audio in Lingua Libre (needs Common Voice or recording)
војски,војски,No audio in Lingua Libre (needs Common Voice or recording)
композиција,композиција,No audio in Lingua Libre (needs Common Voice or recording)
темпо,темпо,No audio in Lingua Libre (needs Common Voice or recording)
гитари,гитари,No audio in Lingua Libre (needs Common Voice or recording)
останатите,останатите,No audio in Lingua Libre (needs Common Voice or recording)
нашла,нашла,No audio in Lingua Libre (needs Common Voice or recording)
тема,тема,No audio in Lingua Libre (needs Common Voice or recording)
воедно,воедно,No audio in Lingua Libre (needs Common Voice or recording)
му,му,No audio in Lingua Libre (needs Common Voice or recording)
песнава,песнава,No audio in Lingua Libre (needs Common Voice or recording)
соло,соло,No audio in Lingua Libre (needs Common Voice or recording)
сексуални,сексуални,No audio in Lingua Libre (needs Common Voice or recording)
авторство,авторство,No audio in Lingua Libre (needs Common Voice or recording)
грешниците,грешниците,No audio in Lingua Libre (needs Common Voice or recording)
ќе,ќе,No audio in Lingua Libre (needs Common Voice or recording)
кажува,кажува,No audio in Lingua Libre (needs Common Voice or recording)
концертите,концертите,No audio in Lingua Libre (needs Common Voice or recording)
свират,свират,No audio in Lingua Libre (needs Common Voice or recording)
нумери,нумери,No audio in Lingua Libre (needs Common Voice or recording)
неа,неа,No audio in Lingua Libre (needs Common Voice or recording)
обожаватели,обожаватели,No audio in Lingua Libre (needs Common Voice or recording)
демо,демо,No audio in Lingua Libre (needs Common Voice or recording)
нумера,нумера,No audio in Lingua Libre (needs Common Voice or recording)
ларс,ларс,No audio in Lingua Libre (needs Common Voice or recording)
бенд,бенд,No audio in Lingua Libre (needs Common Voice or recording)
песни,песни,No audio in Lingua Libre (needs Common Voice or recording)
издаден,издаден,No audio in Lingua Libre (needs Common Voice or recording)
ерик,ерик,No audio in Lingua Libre (needs Common Voice or recording)
береникина,береникина,No audio in Lingua Libre (needs Common Voice or recording)
фрост,фрост,No audio in Lingua Libre (needs Common Voice or recording)
харвуд,харвуд,No audio in Lingua Libre (needs Common Voice or recording)
ројал,ројал,No audio in Lingua Libre (needs Common Voice or recording)
девица,девица,No audio in Lingua Libre (needs Common Voice or recording)
осма,осма,No audio in Lingua Libre (needs Common Voice or recording)
музиката,музиката,No audio in Lingua Libre (needs Common Voice or recording)
опсерваторија,опсерваторија,No audio in Lingua Libre (needs Common Voice or recording)
паломарската,паломарската,No audio in Lingua Libre (needs Common Voice or recording)
спроведено,спроведено,No audio in Lingua Libre (needs Common Voice or recording)
истражување,истражување,No audio in Lingua Libre (needs Common Voice or recording)
фотографското,фотографското,No audio in Lingua Libre (needs Common Voice or recording)
забележан,забележан,No audio in Lingua Libre (needs Common Voice or recording)
групиран,групиран,No audio in Lingua Libre (needs Common Voice or recording)
ѕвезди,ѕвезди,No audio in Lingua Libre (needs Common Voice or recording)
основни,основни,No audio in Lingua Libre (needs Common Voice or recording)
означена,означена,No audio in Lingua Libre (needs Common Voice or recording)
припаѓа,припаѓа,No audio in Lingua Libre (needs Common Voice or recording)
уранометрија,уранометрија,No audio in Lingua Libre (needs Common Voice or recording)
атласот,атласот,No audio in Lingua Libre (needs Common Voice or recording)
см,см,No audio in Lingua Libre (needs Common Voice or recording)
имала,имала,No audio in Lingua Libre (needs Common Voice or recording)
чијашто,чијашто,No audio in Lingua Libre (needs Common Voice or recording)
бартон,бартон,No audio in Lingua Libre (needs Common Voice or recording)
бас,бас,No audio in Lingua Libre (needs Common Voice or recording)
насловот,насловот,No audio in Lingua Libre (needs Common Voice or recording)
прва,прва,No audio in Lingua Libre (needs Common Voice or recording)
живо,живо,No audio in Lingua Libre (needs Common Voice or recording)
џејмс,џејмс,No audio in Lingua Libre (needs Common Voice or recording)
имаат,имаат,No audio in Lingua Libre (needs Common Voice or recording)
албуми,албуми,No audio in Lingua Libre (needs Common Voice or recording)
треш,треш,No audio in Lingua Libre (needs Common Voice or recording)
архитектурата,архитектурата,No audio in Lingua Libre (needs Common Voice or recording)
милиони,милиони,No audio in Lingua Libre (needs Common Voice or recording)
само,само,No audio in Lingua Libre (needs Common Voice or recording)
при,при,No audio in Lingua Libre (needs Common Voice or recording)
кое,кое,No audio in Lingua Libre (needs Common Voice or recording)
објекти,објекти,No audio in Lingua Libre (needs Common Voice or recording)
износ,износ,No audio in Lingua Libre (needs Common Voice or recording)
положбениот,положбениот,No audio in Lingua Libre (needs Common Voice or recording)
втора,втора,No audio in Lingua Libre (needs Common Voice or recording)
добро,добро,No audio in Lingua Libre (needs Common Voice or recording)
нема,нема,No audio in Lingua Libre (needs Common Voice or recording)
оние,оние,No audio in Lingua Libre (needs Common Voice or recording)
мастејн,мастејн,No audio in Lingua Libre (needs Common Voice or recording)
нивните,нивните,No audio in Lingua Libre (needs Common Voice or recording)
улрих,улрих,No audio in Lingua Libre (needs Common Voice or recording)
текстот,текстот,No audio in Lingua Libre (needs Common Voice or recording)
ризницата,ризницата,No audio in Lingua Libre (needs Common Voice or recording)
култури,култури,No audio in Lingua Libre (needs Common Voice or recording)
календарите,календарите,No audio in Lingua Libre (needs Common Voice or recording)
поинаку,поинаку,No audio in Lingua Libre (needs Common Voice or recording)
блажената,блажената,No audio in Lingua Libre (needs Common Voice or recording)
достигне,достигне,No audio in Lingua Libre (needs Common Voice or recording)
основањето,основањето,No audio in Lingua Libre (needs Common Voice or recording)
пречник,пречник,No audio in Lingua Libre (needs Common Voice or recording)
освен,освен,No audio in Lingua Libre (needs Common Voice or recording)
истражувања,истражувања,No audio in Lingua Libre (needs Common Voice or recording)
предмет,предмет,No audio in Lingua Libre (needs Common Voice or recording)
настани,настани,No audio in Lingua Libre (needs Common Voice or recording)
значајни,значајни,No audio in Lingua Libre (needs Common Voice or recording)
содржи,содржи,No audio in Lingua Libre (needs Common Voice or recording)
си,си,No audio in Lingua Libre (needs Common Voice or recording)
карин,карин,No audio in Lingua Libre (needs Common Voice or recording)
лакот,лакот,No audio in Lingua Libre (needs Common Voice or recording)
висината,висината,No audio in Lingua Libre (needs Common Voice or recording)
деклинација,деклинација,No audio in Lingua Libre (needs Common Voice or recording)
пролетната,пролетната,No audio in Lingua Libre (needs Common Voice or recording)
теме,теме,No audio in Lingua Libre (needs Common Voice or recording)
небесниот,небесниот,No audio in Lingua Libre (needs Common Voice or recording)
еклиптиката,еклиптиката,No audio in Lingua Libre (needs Common Voice or recording)
измерен,измерен,No audio in Lingua Libre (needs Common Voice or recording)
аголот,аголот,No audio in Lingua Libre (needs Common Voice or recording)
ректасцензија,ректасцензија,No audio in Lingua Libre (needs Common Voice or recording)
димензии,димензии,No audio in Lingua Libre (needs Common Voice or recording)
привидни,привидни,No audio in Lingua Libre (needs Common Voice or recording)
лм,лм,No audio in Lingua Libre (needs Common Voice or recording)
површинскиот,површинскиот,No audio in Lingua Libre (needs Common Voice or recording)
честота,честота,No audio in Lingua Libre (needs Common Voice or recording)
максималната,максималната,No audio in Lingua Libre (needs Common Voice or recording)
минималната,минималната,No audio in Lingua Libre (needs Common Voice or recording)
интервалот,интервалот,No audio in Lingua Libre (needs Common Voice or recording)
оној,оној,No audio in Lingua Libre (needs Common Voice or recording)
заведена,заведена,No audio in Lingua Libre (needs Common Voice or recording)
некои,некои,No audio in Lingua Libre (needs Common Voice or recording)
групата,групата,No audio in Lingua Libre (needs Common Voice or recording)
оваа,оваа,No audio in Lingua Libre (needs Common Voice or recording)
албумот,албумот,No audio in Lingua Libre (needs Common Voice or recording)
овој,овој,No audio in Lingua Libre (needs Common Voice or recording)
наса,наса,No audio in Lingua Libre (needs Common Voice or recording)
вонгалактичка,вонгалактичка,No audio in Lingua Libre (needs Common Voice or recording)
информации,информации,No audio in Lingua Libre (needs Common Voice or recording)
поправени,поправени,No audio in Lingua Libre (needs Common Voice or recording)
прегледувач,прегледувач,No audio in Lingua Libre (needs Common Voice or recording)
ознаката,ознаката,No audio in Lingua Libre (needs Common Voice or recording)
галаксии,галаксии,No audio in Lingua Libre (needs Common Voice or recording)
најважните,најважните,No audio in Lingua Libre (needs Common Voice or recording)
поделба,поделба,No audio in Lingua Libre (needs Common Voice or recording)
критериуми,критериуми,No audio in Lingua Libre (needs Common Voice or recording)
различн,различн,No audio in Lingua Libre (needs Common Voice or recording)
збирки,збирки,No audio in Lingua Libre (needs Common Voice or recording)
познати,познати,No audio in Lingua Libre (needs Common Voice or recording)
вклучен,вклучен,No audio in Lingua Libre (needs Common Voice or recording)
истражувачи,истражувачи,No audio in Lingua Libre (needs Common Voice or recording)
вршено,вршено,No audio in Lingua Libre (needs Common Voice or recording)
проучување,проучување,No audio in Lingua Libre (needs Common Voice or recording)
епохата,епохата,No audio in Lingua Libre (needs Common Voice or recording)
голо,голо,No audio in Lingua Libre (needs Common Voice or recording)
видливиот,видливиот,No audio in Lingua Libre (needs Common Voice or recording)
видот,видот,No audio in Lingua Libre (needs Common Voice or recording)
галаксиите,галаксиите,No audio in Lingua Libre (needs Common Voice or recording)
класификација,класификација,No audio in Lingua Libre (needs Common Voice or recording)
морфолошката,морфолошката,No audio in Lingua Libre (needs Common Voice or recording)
набљудување,набљудување,No audio in Lingua Libre (needs Common Voice or recording)
откриен,откриен,No audio in Lingua Libre (needs Common Voice or recording)
длабоконебесни,длабоконебесни,No audio in Lingua Libre (needs Common Voice or recording)
каталог,каталог,No audio in Lingua Libre (needs Common Voice or recording)
општ,општ,No audio in Lingua Libre (needs Common Voice or recording)
новиот,новиот,No audio in Lingua Libre (needs Common Voice or recording)
соѕвездието,соѕвездието,No audio in Lingua Libre (needs Common Voice or recording)
откритија,откритија,No audio in Lingua Libre (needs Common Voice or recording)
ги,ги,No audio in Lingua Libre (needs Common Voice or recording)
песната,песната,No audio in Lingua Libre (needs Common Voice or recording)
вториот,вториот,No audio in Lingua Libre (needs Common Voice or recording)
по,по,No audio in Lingua Libre (needs Common Voice or recording)
повеќе,повеќе,No audio in Lingua Libre (needs Common Voice or recording)
откривање,откривање,No audio in Lingua Libre (needs Common Voice or recording)
споменува,споменува,No audio in Lingua Libre (needs Common Voice or recording)
тела,тела,No audio in Lingua Libre (needs Common Voice or recording)
календари,календари,No audio in Lingua Libre (needs Common Voice or recording)
бројни,бројни,No audio in Lingua Libre (needs Common Voice or recording)
броена,броена,No audio in Lingua Libre (needs Common Voice or recording)
бројот,бројот,No audio in Lingua Libre (needs Common Voice or recording)
хетфилд,хетфилд,No audio in Lingua Libre (needs Common Voice or recording)
сите,сите,No audio in Lingua Libre (needs Common Voice or recording)
кои,кои,No audio in Lingua Libre (needs Common Voice or recording)
ова,ова,No audio in Lingua Libre (needs Common Voice or recording)
поради,поради,No audio in Lingua Libre (needs Common Voice or recording)
под,под,No audio in Lingua Libre (needs Common Voice or recording)
длабокото,длабокото,No audio in Lingua Libre (needs Common Voice or recording)
каталогот,каталогот,No audio in Lingua Libre (needs Common Voice or recording)
металика,металика,No audio in Lingua Libre (needs Common Voice or recording)
која,која,No audio in Lingua Libre (needs Common Voice or recording)
односно,односно,No audio in Lingua Libre (needs Common Voice or recording)
исламска,исламска,No audio in Lingua Libre (needs Common Voice or recording)
сјај,сјај,No audio in Lingua Libre (needs Common Voice or recording)
медина,медина,No audio in Lingua Libre (needs Common Voice or recording)
мека,мека,No audio in Lingua Libre (needs Common Voice or recording)
мухамед,мухамед,No audio in Lingua Libre (needs Common Voice or recording)
пророкот,пророкот,No audio in Lingua Libre (needs Common Voice or recording)
пребегнувањето,пребегнувањето,No audio in Lingua Libre (needs Common Voice or recording)
нирвана,нирвана,No audio in Lingua Libre (needs Common Voice or recording)
достигнал,достигнал,No audio in Lingua Libre (needs Common Voice or recording)
којашто,којашто,No audio in Lingua Libre (needs Common Voice or recording)
кинеска,кинеска,No audio in Lingua Libre (needs Common Voice or recording)
второто,второто,No audio in Lingua Libre (needs Common Voice or recording)
начин,начин,No audio in Lingua Libre (needs Common Voice or recording)
владетел,владетел,No audio in Lingua Libre (needs Common Voice or recording)
станал,станал,No audio in Lingua Libre (needs Common Voice or recording)
жолтиот,жолтиот,No audio in Lingua Libre (needs Common Voice or recording)
земе,земе,No audio in Lingua Libre (needs Common Voice or recording)
треба,треба,No audio in Lingua Libre (needs Common Voice or recording)
почеток,почеток,No audio in Lingua Libre (needs Common Voice or recording)
легендарниот,легендарниот,No audio in Lingua Libre (needs Common Voice or recording)
владеењето,владеењето,No audio in Lingua Libre (needs Common Voice or recording)
годините,годините,No audio in Lingua Libre (needs Common Voice or recording)
броењето,броењето,No audio in Lingua Libre (needs Common Voice or recording)
мислења,мислења,No audio in Lingua Libre (needs Common Voice or recording)
поделени,поделени,No audio in Lingua Libre (needs Common Voice or recording)
постојат,постојат,No audio in Lingua Libre (needs Common Voice or recording)
избројана,избројана,No audio in Lingua Libre (needs Common Voice or recording)
познато,познато,No audio in Lingua Libre (needs Common Voice or recording)
основале,основале,No audio in Lingua Libre (needs Common Voice or recording)
рем,рем,No audio in Lingua Libre (needs Common Voice or recording)
ромул,ромул,No audio in Lingua Libre (needs Common Voice or recording)
браќата,браќата,No audio in Lingua Libre (needs Common Voice or recording)
римјаните,римјаните,No audio in Lingua Libre (needs Common Voice or recording)
календарот,календарот,No audio in Lingua Libre (needs Common Voice or recording)
еврејска,еврејска,No audio in Lingua Libre (needs Common Voice or recording)
евреите,евреите,No audio in Lingua Libre (needs Common Voice or recording)
понатаму,понатаму,No audio in Lingua Libre (needs Common Voice or recording)
асур,асур,No audio in Lingua Libre (needs Common Voice or recording)
граот,граот,No audio in Lingua Libre (needs Common Voice or recording)
изграден,изграден,No audio in Lingua Libre (needs Common Voice or recording)
проценува,проценува,No audio in Lingua Libre (needs Common Voice or recording)
библијата,библијата,No audio in Lingua Libre (needs Common Voice or recording)
римскиот,римскиот,No audio in Lingua Libre (needs Common Voice or recording)
вбројуваат,вбројуваат,No audio in Lingua Libre (needs Common Voice or recording)
попознатите,попознатите,No audio in Lingua Libre (needs Common Voice or recording)
народи,народи,No audio in Lingua Libre (needs Common Voice or recording)
различни,различни,No audio in Lingua Libre (needs Common Voice or recording)
тите,тите,No audio in Lingua Libre (needs Common Voice or recording)
милениум,милениум,No audio in Lingua Libre (needs Common Voice or recording)
новата,новата,No audio in Lingua Libre (needs Common Voice or recording)
била,била,No audio in Lingua Libre (needs Common Voice or recording)
општоприфатениот,општоприфатениот,No audio in Lingua Libre (needs Common Voice or recording)
неговата,неговата,No audio in Lingua Libre (needs Common Voice or recording)
податоци,податоци,No audio in Lingua Libre (needs Common Voice or recording)
првото,првото,No audio in Lingua Libre (needs Common Voice or recording)
едни,едни,No audio in Lingua Libre (needs Common Voice or recording)
почетокот,почетокот,No audio in Lingua Libre (needs Common Voice or recording)
две,две,No audio in Lingua Libre (needs Common Voice or recording)
пак,пак,No audio in Lingua Libre (needs Common Voice or recording)
градот,градот,No audio in Lingua Libre (needs Common Voice or recording)
позната,позната,No audio in Lingua Libre (needs Common Voice or recording)
околу,околу,No audio in Lingua Libre (needs Common Voice or recording)
станува,станува,No audio in Lingua Libre (needs Common Voice or recording)
страна,страна,No audio in Lingua Libre (needs Common Voice or recording)
што,што,No audio in Lingua Libre (needs Common Voice or recording)
смета,смета,No audio in Lingua Libre (needs Common Voice or recording)
состојба,состојба,No audio in Lingua Libre (needs Common Voice or recording)
буда,буда,No audio in Lingua Libre (needs Common Voice or recording)
рим,рим,No audio in Lingua Libre (needs Common Voice or recording)
истата,истата,No audio in Lingua Libre (needs Common Voice or recording)
една,една,No audio in Lingua Libre (needs Common Voice or recording)
изнесува,изнесува,No audio in Lingua Libre (needs Common Voice or recording)
среќава,среќава,No audio in Lingua Libre (needs Common Voice or recording)
бил,бил,No audio in Lingua Libre (needs Common Voice or recording)
меѓу,меѓу,No audio in Lingua Libre (needs Common Voice or recording)
првиот,првиот,No audio in Lingua Libre (needs Common Voice or recording)
хиџра,хиџра,No audio in Lingua Libre (needs Common Voice or recording)
рамките,рамките,No audio in Lingua Libre (needs Common Voice or recording)
така,така,No audio in Lingua Libre (needs Common Voice or recording)
па,па,No audio in Lingua Libre (needs Common Voice or recording)
гледиште,гледиште,No audio in Lingua Libre (needs Common Voice or recording)
мерењето,мерењето,No audio in Lingua Libre (needs Common Voice or recording)
трае,трае,No audio in Lingua Libre (needs Common Voice or recording)
јулијански,јулијански,No audio in Lingua Libre (needs Common Voice or recording)
продолжениот,продолжениот,No audio in Lingua Libre (needs Common Voice or recording)
создавањето,создавањето,No audio in Lingua Libre (needs Common Voice or recording)
мери,мери,No audio in Lingua Libre (needs Common Voice or recording)
исламскиот,исламскиот,No audio in Lingua Libre (needs Common Voice or recording)
будистичкиот,будистичкиот,No audio in Lingua Libre (needs Common Voice or recording)
кинескиот,кинескиот,No audio in Lingua Libre (needs Common Voice or recording)
еврејскиот,еврејскиот,No audio in Lingua Libre (needs Common Voice or recording)
асирскиот,асирскиот,No audio in Lingua Libre (needs Common Voice or recording)
византискиот,византискиот,No audio in Lingua Libre (needs Common Voice or recording)
сметаат,сметаат,No audio in Lingua Libre (needs Common Voice or recording)
светот,светот,No audio in Lingua Libre (needs Common Voice or recording)
ја,ја,No audio in Lingua Libre (needs Common Voice or recording)
други,други,No audio in Lingua Libre (needs Common Voice or recording)
објектот,објектот,No audio in Lingua Libre (needs Common Voice or recording)
тоа,тоа,No audio in Lingua Libre (needs Common Voice or recording)
протега,протега,No audio in Lingua Libre (needs Common Voice or recording)
додека,додека,No audio in Lingua Libre (needs Common Voice or recording)
пред,пред,No audio in Lingua Libre (needs Common Voice or recording)
го,го,No audio in Lingua Libre (needs Common Voice or recording)
текот,текот,No audio in Lingua Libre (needs Common Voice or recording)
времето,времето,No audio in Lingua Libre (needs Common Voice or recording)
дека,дека,No audio in Lingua Libre (needs Common Voice or recording)
со,со,No audio in Lingua Libre (needs Common Voice or recording)
започнува,започнува,No audio in Lingua Libre (needs Common Voice or recording)
којшто,којшто,No audio in Lingua Libre (needs Common Voice or recording)
како,како,No audio in Lingua Libre (needs Common Voice or recording)
за,за,No audio in Lingua Libre (needs Common Voice or recording)
годината,годината,No audio in Lingua Libre (needs Common Voice or recording)
според,според,No audio in Lingua Libre (needs Common Voice or recording)
се,се,No audio in Lingua Libre (needs Common Voice or recording)
ја сум од__.,ја сум од__.,No audio in Lingua Libre (needs Common Voice or recording)
добро сум,добро сум,No audio in Lingua Libre (needs Common Voice or recording)
цхао,цхао,No audio in Lingua Libre (needs Common Voice or recording)
фала,фала,No audio in Lingua Libre (needs Common Voice or recording)
од каде си?,од каде си?,No audio in Lingua Libre (needs Common Voice or recording)
жеден сум,жеден сум,No audio in Lingua Libre (needs Common Voice or recording)
Гледен сум,Гледен сум,No audio in Lingua Libre (needs Common Voice or recording)
се гледаме,се гледаме,No audio in Lingua Libre (needs Common Voice or recording)
Уморен сум,Уморен сум,No audio in Lingua Libre (needs Common Voice or recording)
поздравa,поздравa,No audio in Lingua Libre (needs Common Voice or recording)
супер сум,супер сум,No audio in Lingua Libre (needs Common Voice or recording)
како си викаш?,како си викаш?,No audio in Lingua Libre (needs Common Voice or recording)
како си?,како си?,No audio in Lingua Libre (needs Common Voice or recording)
добар вецхер,добар вецхер,No audio in Lingua Libre (needs Common Voice or recording)
добар ден,добар ден,No audio in Lingua Libre (needs Common Voice or recording)
добро утро,добро утро,No audio in Lingua Libre (needs Common Voice or recording)
не сум добро,не сум добро,No audio in Lingua Libre (needs Common Voice or recording)
ја сум,ја сум,No audio in Lingua Libre (needs Common Voice or recording)
здраво,здраво,No audio in Lingua Libre (needs Common Voice or recording)
милијарда,милијарда,No audio in Lingua Libre (needs Common Voice or recording)
двасет и еден,двасет и еден,No audio in Lingua Libre (needs Common Voice or recording)
двасет,двасет,No audio in Lingua Libre (needs Common Voice or recording)
осѕмнаесет,осѕмнаесет,No audio in Lingua Libre (needs Common Voice or recording)
осѕм,осѕм,No audio in Lingua Libre (needs Common Voice or recording)
Која е твојата омилена боја?,Која е твојата омилена боја?,No audio in Lingua Libre (needs Common Voice or recording)
Ова е,Ова е,No audio in Lingua Libre (needs Common Voice or recording)
Која е ова боја?,Која е ова боја?,No audio in Lingua Libre (needs Common Voice or recording)
кафеава,кафеава,No audio in Lingua Libre (needs Common Voice or recording)
виолетова,виолетова,No audio in Lingua Libre (needs Common Voice or recording)
портокалова,портокалова,No audio in Lingua Libre (needs Common Voice or recording)
розоба,розоба,No audio in Lingua Libre (needs Common Voice or recording)
цива,цива,No audio in Lingua Libre (needs Common Voice or recording)
црна,црна,No audio in Lingua Libre (needs Common Voice or recording)
бела,бела,No audio in Lingua Libre (needs Common Voice or recording)
зелена,зелена,No audio in Lingua Libre (needs Common Voice or recording)
плавa,плавa,No audio in Lingua Libre (needs Common Voice or recording)
синa,синa,No audio in Lingua Libre (needs Common Voice or recording)
жолта,жолта,No audio in Lingua Libre (needs Common Voice or recording)
црвена,црвена,No audio in Lingua Libre (needs Common Voice or recording)
